ctime,schemaname,relname,seq_scan,seq_tup_read,idx_scan,idx_tup_fetch,n_tup_ins,n_tup_upd,n_tup_del,n_tup_hot_upd,n_live_tup,n_dead_tup,heap_blks_read,heap_blks_hit,idx_blks_read,idx_blks_hit,toast_blks_read,toast_blks_hit,tidx_blks_read,tidx_blks_hit
1430496918.35423,pg_catalog,pg_operator,3,2295,5648,37879,0,0,0,0,765,0,56,26284,29,11948,,,,
1430496918.35423,public,customer,6,180000,170896,53153,30000,7863,0,4639,30006,3617,7464,89690,394,366416,,,,
1430496918.35423,pg_catalog,pg_extension,3,3,0,0,0,0,0,0,1,0,2,2,0,0,,,,
1430496918.35423,public,item,4,400000,48325,48275,100000,0,0,0,100000,0,3841,54800,303,96740,,,,
1430496918.35423,public,history,1,30000,,,33853,0,0,0,33783,1,1161,5581,,,,,,
1430496918.35423,pg_catalog,pg_authid,277,277,7035,7035,0,0,0,0,1,0,17,7298,62,14008,,,,
1430496918.35423,pg_catalog,pg_statistic,2,798,43372,43128,92,701,0,353,491,90,104,44861,18,87901,65,10535,6,8067
1430496918.35423,pg_catalog,pg_opfamily,3,258,0,0,0,0,0,0,86,0,4,4,0,0,,,,
1430496918.35423,public,order_line,4,1138512,8809,92014,332903,38332,0,17034,331004,24364,16287,226187,924,236944,,,,
1430496918.35423,pg_catalog,pg_shdescription,10,27,3,0,0,0,0,0,3,0,7,6,7,0,0,0,0,0
1430496918.35423,pg_catalog,pg_event_trigger,3,0,27,0,0,0,0,0,0,0,0,0,2,25,,,,
1430496918.35423,pg_catalog,pg_user_mapping,3,0,0,0,0,0,0,0,0,0,0,0,0,0,,,,
1430496918.35423,pg_catalog,pg_inherits,3,0,84,0,0,0,0,0,0,0,0,0,2,82,,,,
1430496918.35423,pg_toast,pg_toast_3596,0,0,0,0,0,0,0,0,0,0,0,0,0,0,,,,
1430496918.35423,pg_catalog,pg_rewrite,3,327,75,75,0,0,0,0,109,0,29,90,4,126,54,103,12,290
1430496918.35423,pg_catalog,pg_foreign_data_wrapper,3,0,0,0,0,0,0,0,0,0,0,0,0,0,,,,
1430496918.35423,pg_catalog,pg_largeobject_metadata,2,0,0,0,0,0,0,0,0,0,0,0,0,0,,,,
1430496918.35423,pg_catalog,pg_opclass,15,396,2601,36320,0,0,0,0,128,0,12,13825,16,3146,,,,
1430496918.35423,pg_catalog,pg_attrdef,3,0,0,0,0,0,0,0,0,0,0,0,0,0,0,0,0,0
1430496918.35423,pg_catalog,pg_default_acl,3,0,59,0,0,0,0,0,0,0,0,0,2,57,,,,
1430496918.35423,pg_catalog,pg_aggregate,2,266,315,315,0,0,0,0,133,0,6,315,4,476,,,,
1430496918.35423,pg_toast,pg_toast_12329,0,0,0,0,0,0,0,0,0,0,0,0,0,0,,,,
1430496918.35423,pg_catalog,pg_ts_dict,3,48,0,0,0,0,0,0,16,0,2,2,0,0,,,,
1430496918.35423,pg_catalog,pg_index,99,6813,8928,9923,27,0,17,0,123,17,16,9217,16,9622,,,,
1430496918.35423,pg_catalog,pg_tablespace,21,42,2726,2726,0,0,0,0,2,0,17,2733,39,5433,,,,
1430496918.35423,pg_toast,pg_toast_2619,0,0,7583,21412,155,0,91,0,73,27,65,10535,6,8067,,,,
1430496918.35423,pg_catalog,pg_constraint,5,50,8,0,8,0,0,0,10,0,6,33,8,64,0,0,0,0
1430496918.35423,pg_toast,pg_toast_2618,0,0,115,361,0,0,0,0,0,0,54,103,6,145,,,,
1430496918.35423,pg_catalog,pg_cast,3,594,24421,5680,0,0,0,0,198,0,8,5680,8,24676,,,,
1430496918.35423,pg_catalog,pg_ts_config,3,48,0,0,0,0,0,0,16,0,2,2,0,0,,,,
1430496918.35423,pg_catalog,pg_ts_parser,3,3,0,0,0,0,0,0,1,0,2,2,0,0,,,,
1430496918.35423,pg_toast,pg_toast_2620,0,0,0,0,0,0,0,0,0,0,0,0,0,0,,,,
1430496918.35423,pg_toast,pg_toast_2396,0,0,0,0,0,0,0,0,0,0,0,0,0,0,,,,
1430496918.35423,pg_catalog,pg_largeobject,2,0,0,0,0,0,0,0,0,0,0,0,0,0,,,,
1430496918.35423,pg_catalog,pg_enum,4,0,0,0,0,0,0,0,0,0,0,0,0,0,,,,
1430496918.35423,pg_catalog,pg_foreign_table,2,0,0,0,0,0,0,0,0,0,0,0,0,0,,,,
1430496918.35423,pg_catalog,pg_collation,3,1806,0,0,0,0,0,0,602,0,38,38,0,0,,,,
1430496918.35423,public,new_order,4,36000,1507440,7259,13579,0,3170,0,10360,1235,431,20248,90,3027483,,,,
1430496918.35423,pg_catalog,pg_am,359,371,0,0,0,0,0,0,5,0,4,356,0,0,,,,
1430496918.35423,pg_catalog,pg_proc,3,8073,7975,10614,6,0,0,0,2691,0,191,9301,50,16745,0,0,0,0
1430496918.35423,pg_catalog,pg_shdepend,9,9,1022,256,0,0,0,0,1,0,7,261,28,1062,,,,
1430496918.35423,public,orders,6,180000,8393,8484,34579,4010,0,2928,34465,1562,965,22547,322,40244,,,,
1430496918.35423,pg_catalog,pg_language,4,16,10,10,0,0,0,0,4,0,2,13,4,18,,,,
1430496918.35423,pg_catalog,pg_range,2,12,4,0,0,0,0,0,6,0,2,1,4,4,,,,
1430496918.35423,pg_catalog,pg_attribute,70,8050,26123,95223,1401,20,1219,4,2491,0,176,36921,55,58342,,,,
1430496918.35423,public,district,72982,724240,97139,12066,10,9122,0,9000,10,357,34,289235,4,97730,,,,
1430496918.35423,pg_catalog,pg_database,1311,5109,54572,54564,4,0,3,0,4,0,3,55888,68,63458,,,,
1430496918.35423,public,stock,4,400000,108171,97259,100000,48275,0,0,99988,15729,28349,203329,623,471342,,,,
1430496918.35423,pg_catalog,pg_conversion,4,528,0,0,0,0,0,0,132,0,6,9,0,0,,,,
1430496918.35423,pg_catalog,pg_type,3,1093,10236,9877,173,0,151,0,361,0,35,10277,23,21340,,,,
1430496918.35423,pg_catalog,pg_trigger,4,0,0,0,0,0,0,0,0,0,0,0,0,0,0,0,0,0
1430496918.35423,information_schema,sql_implementation_info,1,12,,,0,0,0,0,12,0,2,0,,,0,0,0,0
1430496918.35423,information_schema,sql_languages,1,4,,,0,0,0,0,4,0,2,0,,,0,0,0,0
1430496918.35423,pg_toast,pg_toast_12309,0,0,0,0,0,0,0,0,0,0,0,0,0,0,,,,
1430496918.35423,pg_toast,pg_toast_12334,0,0,0,0,0,0,0,0,0,0,0,0,0,0,,,,
1430496918.35423,pg_catalog,pg_amop,4,1744,3718,4965,0,0,0,0,436,0,16,4969,29,7949,,,,
1430496918.35423,pg_toast,pg_toast_1255,0,0,0,0,0,0,0,0,0,0,0,0,0,0,,,,
1430496918.35423,pg_toast,pg_toast_12314,0,0,0,0,0,0,0,0,0,0,0,0,0,0,,,,
1430496918.35423,pg_toast,pg_toast_12324,0,0,0,0,0,0,0,0,0,0,0,0,0,0,,,,
1430496918.35423,pg_catalog,pg_amproc,15,1056,1969,2594,0,0,0,0,344,0,12,1817,12,4271,,,,
1430496918.35423,pg_toast,pg_toast_2964,0,0,0,0,0,0,0,0,0,0,0,0,0,0,,,,
1430496918.35423,pg_catalog,pg_ts_template,3,15,0,0,0,0,0,0,5,0,2,2,0,0,,,,
1430496918.35423,pg_catalog,pg_db_role_setting,9,0,17924,0,0,0,0,0,0,0,0,0,17,17907,0,0,0,0
1430496918.35423,pg_toast,pg_toast_2609,0,0,0,0,0,0,0,0,0,0,0,0,0,0,,,,
1430496918.35423,information_schema,sql_parts,1,9,,,0,0,0,0,9,0,2,0,,,0,0,0,0
1430496918.35423,pg_catalog,pg_class,240,44413,29574,26327,122,324,101,68,316,0,42,29410,40,42011,,,,
1430496918.35423,pg_catalog,pg_seclabel,2,0,252,0,0,0,0,0,0,0,0,0,2,250,0,0,0,0
1430496918.35423,pg_catalog,pg_ts_config_map,2,608,0,0,0,0,0,0,304,0,4,2,0,0,,,,
1430496918.35423,information_schema,sql_sizing,1,23,,,0,0,0,0,23,0,2,0,,,0,0,0,0
1430496918.35423,pg_toast,pg_toast_12339,0,0,0,0,0,0,0,0,0,0,0,0,0,0,,,,
1430496918.35423,information_schema,sql_packages,1,10,,,0,0,0,0,10,0,2,0,,,0,0,0,0
1430496918.35423,pg_toast,pg_toast_2606,0,0,0,0,0,0,0,0,0,0,0,0,0,0,,,,
1430496918.35423,pg_catalog,pg_pltemplate,6,48,0,0,0,0,0,0,8,0,6,3,0,0,,,,
1430496918.35423,pg_catalog,pg_auth_members,9,0,0,0,0,0,0,0,0,0,0,0,0,0,,,,
1430496918.35423,pg_catalog,pg_depend,3,20120,2731,2507,348,0,256,0,6672,256,103,3172,39,6884,,,,
1430496918.35423,pg_toast,pg_toast_2604,0,0,0,0,0,0,0,0,0,0,0,0,0,0,,,,
1430496918.35423,pg_catalog,pg_shseclabel,6,0,3,0,0,0,0,0,0,0,0,0,3,0,,,,
1430496918.35423,information_schema,sql_features,1,672,,,0,0,0,0,672,0,14,0,,,0,0,0,0
1430496918.35423,pg_toast,pg_toast_12319,0,0,0,0,0,0,0,0,0,0,0,0,0,0,,,,
1430496918.35423,pg_catalog,pg_description,2,7372,252,0,0,0,0,0,3686,0,64,32,6,501,0,0,0,0
1430496918.35423,pg_catalog,pg_namespace,27,162,2113,1799,0,0,0,0,6,0,4,1823,15,2459,,,,
1430496918.35423,information_schema,sql_sizing_profiles,1,0,,,0,0,0,0,0,0,0,0,,,0,0,0,0
1430496918.35423,public,warehouse,1443312,1442431,1876830,8495,1,4543,0,4512,1,62,23,2821004,4,1877473,,,,
1430496918.35423,pg_catalog,pg_foreign_server,3,0,0,0,0,0,0,0,0,0,0,0,0,0,,,,
1430496978.35655,pg_catalog,pg_operator,3,2295,5932,39592,0,0,0,0,765,0,56,27498,29,12543,,,,
1430496978.35655,public,customer,6,180000,331405,440765,30000,73741,0,66088,30000,4694,10214,588262,765,734835,,,,
1430496978.35655,pg_catalog,pg_extension,3,3,0,0,0,0,0,0,1,0,2,2,0,0,,,,
1430496978.35655,public,item,4,400000,420125,419749,100000,0,0,0,100000,0,5094,425021,552,841850,,,,
1430496978.35655,public,history,1,30000,,,67691,0,0,0,67636,1,2065,40393,,,,,,
1430496978.35655,pg_catalog,pg_authid,280,280,7136,7136,0,0,0,0,1,0,18,7401,66,14206,,,,
1430496978.35655,pg_catalog,pg_statistic,2,798,44710,44460,92,779,0,410,491,111,114,46339,18,90629,81,11202,6,8497
1430496978.35655,pg_catalog,pg_opfamily,3,258,0,0,0,0,0,0,86,0,4,4,0,0,,,,
1430496978.35655,public,order_line,4,1138512,79209,858680,704377,368967,0,225505,678201,77863,27688,1594691,5477,1943259,,,,
1430496978.35655,pg_catalog,pg_shdescription,10,27,3,0,0,0,0,0,3,0,7,6,7,0,0,0,0,0
1430496978.35655,pg_catalog,pg_event_trigger,3,0,27,0,0,0,0,0,0,0,0,0,2,25,,,,
1430496978.35655,pg_catalog,pg_user_mapping,3,0,0,0,0,0,0,0,0,0,0,0,0,0,,,,
1430496978.35655,pg_catalog,pg_inherits,3,0,84,0,0,0,0,0,0,0,0,0,2,82,,,,
1430496978.35655,pg_toast,pg_toast_3596,0,0,0,0,0,0,0,0,0,0,0,0,0,0,,,,
1430496978.35655,pg_catalog,pg_rewrite,3,327,83,83,0,0,0,0,109,0,32,95,4,140,59,105,12,306
1430496978.35655,pg_catalog,pg_foreign_data_wrapper,3,0,0,0,0,0,0,0,0,0,0,0,0,0,,,,
1430496978.35655,pg_catalog,pg_largeobject_metadata,2,0,0,0,0,0,0,0,0,0,0,0,0,0,,,,
1430496978.35655,pg_catalog,pg_opclass,15,396,2711,38151,0,0,0,0,128,0,12,14507,16,3274,,,,
1430496978.35655,pg_catalog,pg_attrdef,3,0,0,0,0,0,0,0,0,0,0,0,0,0,0,0,0,0
1430496978.35655,pg_catalog,pg_default_acl,3,0,59,0,0,0,0,0,0,0,0,0,2,57,,,,
1430496978.35655,pg_catalog,pg_aggregate,2,266,335,335,0,0,0,0,133,0,6,335,4,506,,,,
1430496978.35655,pg_toast,pg_toast_12329,0,0,0,0,0,0,0,0,0,0,0,0,0,0,,,,
1430496978.35655,pg_catalog,pg_ts_dict,3,48,0,0,0,0,0,0,16,0,2,2,0,0,,,,
1430496978.35655,pg_catalog,pg_index,104,7428,9229,10290,27,0,17,0,123,17,16,9532,16,9940,,,,
1430496978.35655,pg_catalog,pg_tablespace,21,42,2771,2771,0,0,0,0,2,0,18,2777,42,5522,,,,
1430496978.35655,pg_toast,pg_toast_2619,0,0,7953,22476,211,0,150,0,70,86,81,11202,6,8497,,,,
1430496978.35655,pg_catalog,pg_constraint,5,50,8,0,8,0,0,0,10,0,6,33,8,64,0,0,0,0
1430496978.35655,pg_toast,pg_toast_2618,0,0,120,377,0,0,0,0,0,0,59,105,6,153,,,,
1430496978.35655,pg_catalog,pg_cast,3,594,25623,5934,0,0,0,0,198,0,8,5934,8,25888,,,,
1430496978.35655,pg_catalog,pg_ts_config,3,48,0,0,0,0,0,0,16,0,2,2,0,0,,,,
1430496978.35655,pg_catalog,pg_ts_parser,3,3,0,0,0,0,0,0,1,0,2,2,0,0,,,,
1430496978.35655,pg_toast,pg_toast_2620,0,0,0,0,0,0,0,0,0,0,0,0,0,0,,,,
1430496978.35655,pg_toast,pg_toast_2396,0,0,0,0,0,0,0,0,0,0,0,0,0,0,,,,
1430496978.35655,pg_catalog,pg_largeobject,2,0,0,0,0,0,0,0,0,0,0,0,0,0,,,,
1430496978.35655,pg_catalog,pg_enum,4,0,0,0,0,0,0,0,0,0,0,0,0,0,,,,
1430496978.35655,pg_catalog,pg_foreign_table,2,0,0,0,0,0,0,0,0,0,0,0,0,0,,,,
1430496978.35655,pg_catalog,pg_collation,3,1806,0,0,0,0,0,0,602,0,38,38,0,0,,,,
1430496978.35655,public,new_order,4,36000,1571520,67587,48967,0,31150,0,17411,15593,720,317810,370,3401578,,,,
1430496978.35655,pg_catalog,pg_am,366,378,0,0,0,0,0,0,5,0,4,363,0,0,,,,
1430496978.35655,pg_catalog,pg_proc,3,8073,8402,11205,6,0,0,0,2691,0,196,9790,52,17625,0,0,0,0
1430496978.35655,pg_catalog,pg_shdepend,9,9,1022,256,0,0,0,0,1,0,7,261,28,1062,,,,
1430496978.35655,public,orders,6,180000,75641,85964,69967,36050,0,29390,69712,4099,1564,184139,1124,413439,,,,
1430496978.35655,pg_catalog,pg_language,4,16,10,10,0,0,0,0,4,0,2,13,4,18,,,,
1430496978.35655,pg_catalog,pg_range,2,12,4,0,0,0,0,0,6,0,2,1,4,4,,,,
1430496978.35655,pg_catalog,pg_attribute,70,8050,27249,98834,1401,20,1219,4,2491,0,179,38279,56,60602,,,,
1430496978.35655,public,district,72982,724240,241766,156693,10,78348,0,78037,10,244,97,1205288,4,242551,,,,
1430496978.35655,pg_catalog,pg_database,1315,5119,54739,54731,4,0,3,0,4,0,3,56059,72,63724,,,,
1430496978.35655,public,stock,4,400000,924741,843243,100000,419749,0,0,99430,232646,33983,1417471,1373,4044459,,,,
1430496978.35655,pg_catalog,pg_conversion,4,528,0,0,0,0,0,0,132,0,6,9,0,0,,,,
1430496978.35655,pg_catalog,pg_type,3,1093,10605,10246,173,0,151,0,361,0,35,10646,23,22088,,,,
1430496978.35655,pg_catalog,pg_trigger,4,0,0,0,0,0,0,0,0,0,0,0,0,0,0,0,0,0
1430496978.35655,information_schema,sql_implementation_info,1,12,,,0,0,0,0,12,0,2,0,,,0,0,0,0
1430496978.35655,information_schema,sql_languages,1,4,,,0,0,0,0,4,0,2,0,,,0,0,0,0
1430496978.35655,pg_toast,pg_toast_12309,0,0,0,0,0,0,0,0,0,0,0,0,0,0,,,,
1430496978.35655,pg_toast,pg_toast_12334,0,0,0,0,0,0,0,0,0,0,0,0,0,0,,,,
1430496978.35655,pg_catalog,pg_amop,4,1744,3933,5239,0,0,0,0,436,0,16,5243,30,8396,,,,
1430496978.35655,pg_toast,pg_toast_1255,0,0,0,0,0,0,0,0,0,0,0,0,0,0,,,,
1430496978.35655,pg_toast,pg_toast_12314,0,0,0,0,0,0,0,0,0,0,0,0,0,0,,,,
1430496978.35655,pg_toast,pg_toast_12324,0,0,0,0,0,0,0,0,0,0,0,0,0,0,,,,
1430496978.35655,pg_catalog,pg_amproc,15,1056,2038,2682,0,0,0,0,344,0,12,1883,12,4416,,,,
1430496978.35655,pg_toast,pg_toast_2964,0,0,0,0,0,0,0,0,0,0,0,0,0,0,,,,
1430496978.35655,pg_catalog,pg_ts_template,3,15,0,0,0,0,0,0,5,0,2,2,0,0,,,,
1430496978.35655,pg_catalog,pg_db_role_setting,9,0,18132,0,0,0,0,0,0,0,0,0,18,18114,0,0,0,0
1430496978.35655,pg_toast,pg_toast_2609,0,0,0,0,0,0,0,0,0,0,0,0,0,0,,,,
1430496978.35655,information_schema,sql_parts,1,9,,,0,0,0,0,9,0,2,0,,,0,0,0,0
1430496978.35655,pg_catalog,pg_class,251,47590,30750,27316,122,324,101,68,316,0,43,30510,40,43488,,,,
1430496978.35655,pg_catalog,pg_seclabel,2,0,252,0,0,0,0,0,0,0,0,0,2,250,0,0,0,0
1430496978.35655,pg_catalog,pg_ts_config_map,2,608,0,0,0,0,0,0,304,0,4,2,0,0,,,,
1430496978.35655,information_schema,sql_sizing,1,23,,,0,0,0,0,23,0,2,0,,,0,0,0,0
1430496978.35655,pg_toast,pg_toast_12339,0,0,0,0,0,0,0,0,0,0,0,0,0,0,,,,
1430496978.35655,information_schema,sql_packages,1,10,,,0,0,0,0,10,0,2,0,,,0,0,0,0
1430496978.35655,pg_toast,pg_toast_2606,0,0,0,0,0,0,0,0,0,0,0,0,0,0,,,,
1430496978.35655,pg_catalog,pg_pltemplate,6,48,0,0,0,0,0,0,8,0,6,3,0,0,,,,
1430496978.35655,pg_catalog,pg_auth_members,9,0,0,0,0,0,0,0,0,0,0,0,0,0,,,,
1430496978.35655,pg_catalog,pg_depend,3,20120,2731,2507,348,0,256,0,6672,256,103,3172,39,6884,,,,
1430496978.35655,pg_toast,pg_toast_2604,0,0,0,0,0,0,0,0,0,0,0,0,0,0,,,,
1430496978.35655,pg_catalog,pg_shseclabel,6,0,3,0,0,0,0,0,0,0,0,0,3,0,,,,
1430496978.35655,information_schema,sql_features,1,672,,,0,0,0,0,672,0,14,0,,,0,0,0,0
1430496978.35655,pg_toast,pg_toast_12319,0,0,0,0,0,0,0,0,0,0,0,0,0,0,,,,
1430496978.35655,pg_catalog,pg_description,2,7372,252,0,0,0,0,0,3686,0,64,32,6,501,0,0,0,0
1430496978.35655,pg_catalog,pg_namespace,29,174,2264,1941,0,0,0,0,6,0,4,1967,16,2621,,,,
1430496978.35655,information_schema,sql_sizing_profiles,1,0,,,0,0,0,0,0,0,0,0,,,0,0,0,0
1430496978.35655,public,warehouse,1443312,1442431,1979894,111559,1,38381,0,37750,1,653,111,3543307,4,1981152,,,,
1430496978.35655,pg_catalog,pg_foreign_server,3,0,0,0,0,0,0,0,0,0,0,0,0,0,,,,
1430497038.35497,pg_catalog,pg_operator,3,2295,5952,39612,0,0,0,0,765,0,56,27518,29,12589,,,,
1430497038.35497,public,customer,6,180000,494908,853771,30000,141064,0,131583,30000,6756,10261,1102618,768,1096686,,,,
1430497038.35497,pg_catalog,pg_extension,3,3,0,0,0,0,0,0,1,0,2,2,0,0,,,,
1430497038.35497,public,item,4,400000,797775,797028,100000,0,0,0,100000,0,5095,802299,552,1598898,,,,
1430497038.35497,public,history,1,30000,,,102174,0,0,0,102182,1,2972,76250,,,,,,
1430497038.35497,pg_catalog,pg_authid,281,281,7147,7147,0,0,0,0,1,0,18,7413,66,14228,,,,
1430497038.35497,pg_catalog,pg_statistic,2,798,45506,45252,92,857,0,478,491,112,115,47254,18,92245,98,11774,6,8788
1430497038.35497,pg_catalog,pg_opfamily,3,258,0,0,0,0,0,0,86,0,4,4,0,0,,,,
1430497038.35497,public,order_line,4,1138512,151359,1646524,1081656,713660,0,447419,1059375,88328,33375,3011655,8628,3677335,,,,
1430497038.35497,pg_catalog,pg_shdescription,10,27,3,0,0,0,0,0,3,0,7,6,7,0,0,0,0,0
1430497038.35497,pg_catalog,pg_event_trigger,3,0,27,0,0,0,0,0,0,0,0,0,2,25,,,,
1430497038.35497,pg_catalog,pg_user_mapping,3,0,0,0,0,0,0,0,0,0,0,0,0,0,,,,
1430497038.35497,pg_catalog,pg_inherits,3,0,84,0,0,0,0,0,0,0,0,0,2,82,,,,
1430497038.35497,pg_toast,pg_toast_3596,0,0,0,0,0,0,0,0,0,0,0,0,0,0,,,,
1430497038.35497,pg_catalog,pg_rewrite,3,327,88,88,0,0,0,0,109,0,32,100,4,148,59,111,12,318
1430497038.35497,pg_catalog,pg_foreign_data_wrapper,3,0,0,0,0,0,0,0,0,0,0,0,0,0,,,,
1430497038.35497,pg_catalog,pg_largeobject_metadata,2,0,0,0,0,0,0,0,0,0,0,0,0,0,,,,
1430497038.35497,pg_catalog,pg_opclass,15,396,2737,38521,0,0,0,0,128,0,12,14629,16,3308,,,,
1430497038.35497,pg_catalog,pg_attrdef,3,0,0,0,0,0,0,0,0,0,0,0,0,0,0,0,0,0
1430497038.35497,pg_catalog,pg_default_acl,3,0,59,0,0,0,0,0,0,0,0,0,2,57,,,,
1430497038.35497,pg_catalog,pg_aggregate,2,266,336,336,0,0,0,0,133,0,6,336,4,508,,,,
1430497038.35497,pg_toast,pg_toast_12329,0,0,0,0,0,0,0,0,0,0,0,0,0,0,,,,
1430497038.35497,pg_catalog,pg_ts_dict,3,48,0,0,0,0,0,0,16,0,2,2,0,0,,,,
1430497038.35497,pg_catalog,pg_index,109,8043,9403,10494,27,0,17,0,123,17,16,9720,16,10123,,,,
1430497038.35497,pg_catalog,pg_tablespace,21,42,2776,2776,0,0,0,0,2,0,18,2782,42,5532,,,,
1430497038.35497,pg_toast,pg_toast_2619,0,0,8177,23128,267,0,206,0,70,58,98,11774,6,8788,,,,
1430497038.35497,pg_catalog,pg_constraint,5,50,8,0,8,0,0,0,10,0,6,33,8,64,0,0,0,0
1430497038.35497,pg_toast,pg_toast_2618,0,0,124,391,0,0,0,0,0,0,59,111,6,159,,,,
1430497038.35497,pg_catalog,pg_cast,3,594,25770,5971,0,0,0,0,198,0,8,5971,8,26039,,,,
1430497038.35497,pg_catalog,pg_ts_config,3,48,0,0,0,0,0,0,16,0,2,2,0,0,,,,
1430497038.35497,pg_catalog,pg_ts_parser,3,3,0,0,0,0,0,0,1,0,2,2,0,0,,,,
1430497038.35497,pg_toast,pg_toast_2620,0,0,0,0,0,0,0,0,0,0,0,0,0,0,,,,
1430497038.35497,pg_toast,pg_toast_2396,0,0,0,0,0,0,0,0,0,0,0,0,0,0,,,,
1430497038.35497,pg_catalog,pg_largeobject,2,0,0,0,0,0,0,0,0,0,0,0,0,0,,,,
1430497038.35497,pg_catalog,pg_enum,4,0,0,0,0,0,0,0,0,0,0,0,0,0,,,,
1430497038.35497,pg_catalog,pg_foreign_table,2,0,0,0,0,0,0,0,0,0,0,0,0,0,,,,
1430497038.35497,pg_catalog,pg_collation,3,1806,0,0,0,0,0,0,602,0,38,38,0,0,,,,
1430497038.35497,public,new_order,4,36000,1637200,129393,84916,0,59790,0,24376,15234,720,607878,545,4044055,,,,
1430497038.35497,pg_catalog,pg_am,371,383,0,0,0,0,0,0,5,0,4,368,0,0,,,,
1430497038.35497,pg_catalog,pg_proc,3,8073,8468,11292,6,0,0,0,2691,0,196,9865,52,17763,0,0,0,0
1430497038.35497,pg_catalog,pg_shdepend,9,9,1022,256,0,0,0,0,1,0,7,261,28,1062,,,,
1430497038.35497,public,orders,6,180000,144516,181002,105916,68890,0,56428,105263,10371,1886,364027,1552,872493,,,,
1430497038.35497,pg_catalog,pg_language,4,16,10,10,0,0,0,0,4,0,2,13,4,18,,,,
1430497038.35497,pg_catalog,pg_range,2,12,4,0,0,0,0,0,6,0,2,1,4,4,,,,
1430497038.35497,pg_catalog,pg_attribute,70,8050,27743,100902,1401,20,1219,4,2491,0,179,38928,56,61597,,,,
1430497038.35497,public,district,72982,724240,388844,303771,10,148780,0,148302,10,289,106,2875519,4,389797,,,,
1430497038.35497,pg_catalog,pg_database,1318,5131,54774,54766,4,0,3,0,4,0,3,56097,72,63773,,,,
1430497038.35497,public,stock,4,400000,1744972,1600740,100000,797028,0,0,99497,224956,34294,2635720,1376,7647810,,,,
1430497038.35497,pg_catalog,pg_conversion,4,528,0,0,0,0,0,0,132,0,6,9,0,0,,,,
1430497038.35497,pg_catalog,pg_type,3,1093,10668,10309,173,0,151,0,361,0,35,10709,23,22218,,,,
1430497038.35497,pg_catalog,pg_trigger,4,0,0,0,0,0,0,0,0,0,0,0,0,0,0,0,0,0
1430497038.35497,information_schema,sql_implementation_info,1,12,,,0,0,0,0,12,0,2,0,,,0,0,0,0
1430497038.35497,information_schema,sql_languages,1,4,,,0,0,0,0,4,0,2,0,,,0,0,0,0
1430497038.35497,pg_toast,pg_toast_12309,0,0,0,0,0,0,0,0,0,0,0,0,0,0,,,,
1430497038.35497,pg_toast,pg_toast_12334,0,0,0,0,0,0,0,0,0,0,0,0,0,0,,,,
1430497038.35497,pg_catalog,pg_amop,4,1744,3974,5285,0,0,0,0,436,0,16,5289,30,8484,,,,
1430497038.35497,pg_toast,pg_toast_1255,0,0,0,0,0,0,0,0,0,0,0,0,0,0,,,,
1430497038.35497,pg_toast,pg_toast_12314,0,0,0,0,0,0,0,0,0,0,0,0,0,0,,,,
1430497038.35497,pg_toast,pg_toast_12324,0,0,0,0,0,0,0,0,0,0,0,0,0,0,,,,
1430497038.35497,pg_catalog,pg_amproc,15,1056,2060,2710,0,0,0,0,344,0,12,1902,12,4465,,,,
1430497038.35497,pg_toast,pg_toast_2964,0,0,0,0,0,0,0,0,0,0,0,0,0,0,,,,
1430497038.35497,pg_catalog,pg_ts_template,3,15,0,0,0,0,0,0,5,0,2,2,0,0,,,,
1430497038.35497,pg_catalog,pg_db_role_setting,9,0,18160,0,0,0,0,0,0,0,0,0,18,18142,0,0,0,0
1430497038.35497,pg_toast,pg_toast_2609,0,0,0,0,0,0,0,0,0,0,0,0,0,0,,,,
1430497038.35497,information_schema,sql_parts,1,9,,,0,0,0,0,9,0,2,0,,,0,0,0,0
1430497038.35497,pg_catalog,pg_class,260,50135,31548,27991,122,324,101,68,316,0,43,31281,40,44422,,,,
1430497038.35497,pg_catalog,pg_seclabel,2,0,252,0,0,0,0,0,0,0,0,0,2,250,0,0,0,0
1430497038.35497,pg_catalog,pg_ts_config_map,2,608,0,0,0,0,0,0,304,0,4,2,0,0,,,,
1430497038.35497,information_schema,sql_sizing,1,23,,,0,0,0,0,23,0,2,0,,,0,0,0,0
1430497038.35497,pg_toast,pg_toast_12339,0,0,0,0,0,0,0,0,0,0,0,0,0,0,,,,
1430497038.35497,information_schema,sql_packages,1,10,,,0,0,0,0,10,0,2,0,,,0,0,0,0
1430497038.35497,pg_toast,pg_toast_2606,0,0,0,0,0,0,0,0,0,0,0,0,0,0,,,,
1430497038.35497,pg_catalog,pg_pltemplate,6,48,0,0,0,0,0,0,8,0,6,3,0,0,,,,
1430497038.35497,pg_catalog,pg_auth_members,9,0,0,0,0,0,0,0,0,0,0,0,0,0,,,,
1430497038.35497,pg_catalog,pg_depend,3,20120,2731,2507,348,0,256,0,6672,256,103,3172,39,6884,,,,
1430497038.35497,pg_toast,pg_toast_2604,0,0,0,0,0,0,0,0,0,0,0,0,0,0,,,,
1430497038.35497,pg_catalog,pg_shseclabel,6,0,3,0,0,0,0,0,0,0,0,0,3,0,,,,
1430497038.35497,information_schema,sql_features,1,672,,,0,0,0,0,672,0,14,0,,,0,0,0,0
1430497038.35497,pg_toast,pg_toast_12319,0,0,0,0,0,0,0,0,0,0,0,0,0,0,,,,
1430497038.35497,pg_catalog,pg_description,2,7372,252,0,0,0,0,0,3686,0,64,32,6,501,0,0,0,0
1430497038.35497,pg_catalog,pg_namespace,31,186,2398,2072,0,0,0,0,6,0,4,2100,16,2761,,,,
1430497038.35497,information_schema,sql_sizing_profiles,1,0,,,0,0,0,0,0,0,0,0,,,0,0,0,0
1430497038.35497,public,warehouse,1443312,1442431,2084809,216474,1,72864,0,71581,1,686,135,4256144,4,2086730,,,,
1430497038.35497,pg_catalog,pg_foreign_server,3,0,0,0,0,0,0,0,0,0,0,0,0,0,,,,
1430497098.36126,pg_catalog,pg_operator,3,2295,5975,39635,0,0,0,0,765,0,56,27541,29,12644,,,,
1430497098.36126,public,customer,6,180000,653441,1236363,30000,205716,0,194460,29994,3326,10279,1593558,770,1447943,,,,
1430497098.36126,pg_catalog,pg_extension,3,3,0,0,0,0,0,0,1,0,2,2,0,0,,,,
1430497098.36126,public,item,4,400000,1167551,1166440,100000,0,0,0,100000,0,5095,1171711,552,2340198,,,,
1430497098.36126,public,history,1,30000,,,135756,0,0,0,135774,1,3867,111559,,,,,,
1430497098.36126,pg_catalog,pg_authid,282,282,7158,7158,0,0,0,0,1,0,18,7425,66,14250,,,,
1430497098.36126,pg_catalog,pg_statistic,2,798,46309,46049,92,935,0,549,491,123,116,48160,18,93871,98,12255,6,9070
1430497098.36126,pg_catalog,pg_opfamily,3,258,0,0,0,0,0,0,86,0,4,4,0,0,,,,
1430497098.36126,public,order_line,4,1138512,219787,2395902,1451067,1039859,0,648553,1419182,264474,39960,4371209,11367,5377733,,,,
1430497098.36126,pg_catalog,pg_shdescription,10,27,3,0,0,0,0,0,3,0,7,6,7,0,0,0,0,0
1430497098.36126,pg_catalog,pg_event_trigger,3,0,27,0,0,0,0,0,0,0,0,0,2,25,,,,
1430497098.36126,pg_catalog,pg_user_mapping,3,0,0,0,0,0,0,0,0,0,0,0,0,0,,,,
1430497098.36126,pg_catalog,pg_inherits,3,0,84,0,0,0,0,0,0,0,0,0,2,82,,,,
1430497098.36126,pg_toast,pg_toast_3596,0,0,0,0,0,0,0,0,0,0,0,0,0,0,,,,
1430497098.36126,pg_catalog,pg_rewrite,3,327,95,95,0,0,0,0,109,0,32,107,4,160,59,118,12,334
1430497098.36126,pg_catalog,pg_foreign_data_wrapper,3,0,0,0,0,0,0,0,0,0,0,0,0,0,,,,
1430497098.36126,pg_catalog,pg_largeobject_metadata,2,0,0,0,0,0,0,0,0,0,0,0,0,0,,,,
1430497098.36126,pg_catalog,pg_opclass,15,396,2767,38976,0,0,0,0,128,0,12,14783,16,3346,,,,
1430497098.36126,pg_catalog,pg_attrdef,3,0,0,0,0,0,0,0,0,0,0,0,0,0,0,0,0,0
1430497098.36126,pg_catalog,pg_default_acl,3,0,59,0,0,0,0,0,0,0,0,0,2,57,,,,
1430497098.36126,pg_catalog,pg_aggregate,2,266,337,337,0,0,0,0,133,0,6,337,4,510,,,,
1430497098.36126,pg_toast,pg_toast_12329,0,0,0,0,0,0,0,0,0,0,0,0,0,0,,,,
1430497098.36126,pg_catalog,pg_ts_dict,3,48,0,0,0,0,0,0,16,0,2,2,0,0,,,,
1430497098.36126,pg_catalog,pg_index,114,8658,9574,10710,27,0,17,0,123,17,16,9905,16,10304,,,,
1430497098.36126,pg_catalog,pg_tablespace,21,42,2781,2781,0,0,0,0,2,0,18,2787,42,5542,,,,
1430497098.36126,pg_toast,pg_toast_2619,0,0,8401,23780,323,0,262,0,70,114,98,12255,6,9070,,,,
1430497098.36126,pg_catalog,pg_constraint,5,50,8,0,8,0,0,0,10,0,6,33,8,64,0,0,0,0
1430497098.36126,pg_toast,pg_toast_2618,0,0,129,407,0,0,0,0,0,0,59,118,6,167,,,,
1430497098.36126,pg_catalog,pg_cast,3,594,25953,6019,0,0,0,0,198,0,8,6019,8,26228,,,,
1430497098.36126,pg_catalog,pg_ts_config,3,48,0,0,0,0,0,0,16,0,2,2,0,0,,,,
1430497098.36126,pg_catalog,pg_ts_parser,3,3,0,0,0,0,0,0,1,0,2,2,0,0,,,,
1430497098.36126,pg_toast,pg_toast_2620,0,0,0,0,0,0,0,0,0,0,0,0,0,0,,,,
1430497098.36126,pg_toast,pg_toast_2396,0,0,0,0,0,0,0,0,0,0,0,0,0,0,,,,
1430497098.36126,pg_catalog,pg_largeobject,2,0,0,0,0,0,0,0,0,0,0,0,0,0,,,,
1430497098.36126,pg_catalog,pg_enum,4,0,0,0,0,0,0,0,0,0,0,0,0,0,,,,
1430497098.36126,pg_catalog,pg_foreign_table,2,0,0,0,0,0,0,0,0,0,0,0,0,0,,,,
1430497098.36126,pg_catalog,pg_collation,3,1806,0,0,0,0,0,0,602,0,38,38,0,0,,,,
1430497098.36126,public,new_order,4,36000,1699340,188047,120121,0,87180,0,31953,16247,720,922075,648,4659842,,,,
1430497098.36126,pg_catalog,pg_am,375,387,0,0,0,0,0,0,5,0,4,372,0,0,,,,
1430497098.36126,pg_catalog,pg_proc,3,8073,8546,11405,6,0,0,0,2691,0,196,9958,52,17929,0,0,0,0
1430497098.36126,pg_catalog,pg_shdepend,9,9,1022,256,0,0,0,0,1,0,7,261,28,1062,,,,
1430497098.36126,public,orders,6,180000,209817,285379,141121,99960,0,81901,140018,16679,2200,550860,2040,1315291,,,,
1430497098.36126,pg_catalog,pg_language,4,16,10,10,0,0,0,0,4,0,2,13,4,18,,,,
1430497098.36126,pg_catalog,pg_range,2,12,4,0,0,0,0,0,6,0,2,1,4,4,,,,
1430497098.36126,pg_catalog,pg_attribute,70,8050,28256,103128,1401,20,1219,4,2491,0,179,39598,56,62629,,,,
1430497098.36126,public,district,72982,724240,532757,447684,10,217567,0,216940,10,200,106,4440187,4,533870,,,,
1430497098.36126,pg_catalog,pg_database,1321,5143,54811,54803,4,0,3,0,4,0,3,56137,72,63824,,,,
1430497098.36126,public,stock,4,400000,2548129,2342776,100000,1166439,0,0,100000,239282,34316,3833733,1380,11175712,,,,
1430497098.36126,pg_catalog,pg_conversion,4,528,0,0,0,0,0,0,132,0,6,9,0,0,,,,
1430497098.36126,pg_catalog,pg_type,3,1093,10767,10408,173,0,151,0,361,0,35,10808,23,22422,,,,
1430497098.36126,pg_catalog,pg_trigger,4,0,0,0,0,0,0,0,0,0,0,0,0,0,0,0,0,0
1430497098.36126,information_schema,sql_implementation_info,1,12,,,0,0,0,0,12,0,2,0,,,0,0,0,0
1430497098.36126,information_schema,sql_languages,1,4,,,0,0,0,0,4,0,2,0,,,0,0,0,0
1430497098.36126,pg_toast,pg_toast_12309,0,0,0,0,0,0,0,0,0,0,0,0,0,0,,,,
1430497098.36126,pg_toast,pg_toast_12334,0,0,0,0,0,0,0,0,0,0,0,0,0,0,,,,
1430497098.36126,pg_catalog,pg_amop,4,1744,4031,5351,0,0,0,0,436,0,16,5355,30,8608,,,,
1430497098.36126,pg_toast,pg_toast_1255,0,0,0,0,0,0,0,0,0,0,0,0,0,0,,,,
1430497098.36126,pg_toast,pg_toast_12314,0,0,0,0,0,0,0,0,0,0,0,0,0,0,,,,
1430497098.36126,pg_toast,pg_toast_12324,0,0,0,0,0,0,0,0,0,0,0,0,0,0,,,,
1430497098.36126,pg_catalog,pg_amproc,15,1056,2086,2742,0,0,0,0,344,0,12,1925,12,4521,,,,
1430497098.36126,pg_toast,pg_toast_2964,0,0,0,0,0,0,0,0,0,0,0,0,0,0,,,,
1430497098.36126,pg_catalog,pg_ts_template,3,15,0,0,0,0,0,0,5,0,2,2,0,0,,,,
1430497098.36126,pg_catalog,pg_db_role_setting,9,0,18188,0,0,0,0,0,0,0,0,0,18,18170,0,0,0,0
1430497098.36126,pg_toast,pg_toast_2609,0,0,0,0,0,0,0,0,0,0,0,0,0,0,,,,
1430497098.36126,information_schema,sql_parts,1,9,,,0,0,0,0,9,0,2,0,,,0,0,0,0
1430497098.36126,pg_catalog,pg_class,270,52996,32347,28667,122,324,101,68,316,0,43,32060,40,45360,,,,
1430497098.36126,pg_catalog,pg_seclabel,2,0,252,0,0,0,0,0,0,0,0,0,2,250,0,0,0,0
1430497098.36126,pg_catalog,pg_ts_config_map,2,608,0,0,0,0,0,0,304,0,4,2,0,0,,,,
1430497098.36126,information_schema,sql_sizing,1,23,,,0,0,0,0,23,0,2,0,,,0,0,0,0
1430497098.36126,pg_toast,pg_toast_12339,0,0,0,0,0,0,0,0,0,0,0,0,0,0,,,,
1430497098.36126,information_schema,sql_packages,1,10,,,0,0,0,0,10,0,2,0,,,0,0,0,0
1430497098.36126,pg_toast,pg_toast_2606,0,0,0,0,0,0,0,0,0,0,0,0,0,0,,,,
1430497098.36126,pg_catalog,pg_pltemplate,6,48,0,0,0,0,0,0,8,0,6,3,0,0,,,,
1430497098.36126,pg_catalog,pg_auth_members,9,0,0,0,0,0,0,0,0,0,0,0,0,0,,,,
1430497098.36126,pg_catalog,pg_depend,3,20120,2731,2507,348,0,256,0,6672,256,103,3172,39,6884,,,,
1430497098.36126,pg_toast,pg_toast_2604,0,0,0,0,0,0,0,0,0,0,0,0,0,0,,,,
1430497098.36126,pg_catalog,pg_shseclabel,6,0,3,0,0,0,0,0,0,0,0,0,3,0,,,,
1430497098.36126,information_schema,sql_features,1,672,,,0,0,0,0,672,0,14,0,,,0,0,0,0
1430497098.36126,pg_toast,pg_toast_12319,0,0,0,0,0,0,0,0,0,0,0,0,0,0,,,,
1430497098.36126,pg_catalog,pg_description,2,7372,252,0,0,0,0,0,3686,0,64,32,6,501,0,0,0,0
1430497098.36126,pg_catalog,pg_namespace,33,198,2537,2206,0,0,0,0,6,0,4,2236,16,2908,,,,
1430497098.36126,information_schema,sql_sizing_profiles,1,0,,,0,0,0,0,0,0,0,0,,,0,0,0,0
1430497098.36126,public,warehouse,1443312,1442431,2187178,318843,1,106446,0,104527,1,768,135,4974515,4,2189746,,,,
1430497098.36126,pg_catalog,pg_foreign_server,3,0,0,0,0,0,0,0,0,0,0,0,0,0,,,,
1430497158.36098,pg_catalog,pg_operator,3,2295,5998,39658,0,0,0,0,765,0,56,27564,29,12699,,,,
1430497158.36098,public,customer,6,180000,813604,1642502,30000,271315,0,257615,30002,5979,10279,2103209,772,1805961,,,,
1430497158.36098,pg_catalog,pg_extension,3,3,0,0,0,0,0,0,1,0,2,2,0,0,,,,
1430497158.36098,public,item,4,400000,1537153,1535708,100000,0,0,0,100000,0,5095,1540979,552,3081187,,,,
1430497158.36098,public,history,1,30000,,,169755,0,0,0,169817,1,4768,147692,,,,,,
1430497158.36098,pg_catalog,pg_authid,283,283,7169,7169,0,0,0,0,1,0,18,7437,66,14272,,,,
1430497158.36098,pg_catalog,pg_statistic,2,798,47112,46846,92,1013,0,620,491,150,117,49075,18,95497,98,12850,6,9352
1430497158.36098,pg_catalog,pg_opfamily,3,258,0,0,0,0,0,0,86,0,4,4,0,0,,,,
1430497158.36098,public,order_line,4,1138512,289207,3157774,1820335,1371930,0,873637,1792773,89798,43859,5736116,14267,7037469,,,,
1430497158.36098,pg_catalog,pg_shdescription,10,27,3,0,0,0,0,0,3,0,7,6,7,0,0,0,0,0
1430497158.36098,pg_catalog,pg_event_trigger,3,0,27,0,0,0,0,0,0,0,0,0,2,25,,,,
1430497158.36098,pg_catalog,pg_user_mapping,3,0,0,0,0,0,0,0,0,0,0,0,0,0,,,,
1430497158.36098,pg_catalog,pg_inherits,3,0,84,0,0,0,0,0,0,0,0,0,2,82,,,,
1430497158.36098,pg_toast,pg_toast_3596,0,0,0,0,0,0,0,0,0,0,0,0,0,0,,,,
1430497158.36098,pg_catalog,pg_rewrite,3,327,102,102,0,0,0,0,109,0,32,114,4,172,59,125,12,350
1430497158.36098,pg_catalog,pg_foreign_data_wrapper,3,0,0,0,0,0,0,0,0,0,0,0,0,0,,,,
1430497158.36098,pg_catalog,pg_largeobject_metadata,2,0,0,0,0,0,0,0,0,0,0,0,0,0,,,,
1430497158.36098,pg_catalog,pg_opclass,15,396,2802,39436,0,0,0,0,128,0,12,14942,16,3394,,,,
1430497158.36098,pg_catalog,pg_attrdef,3,0,0,0,0,0,0,0,0,0,0,0,0,0,0,0,0,0
1430497158.36098,pg_catalog,pg_default_acl,3,0,59,0,0,0,0,0,0,0,0,0,2,57,,,,
1430497158.36098,pg_catalog,pg_aggregate,2,266,338,338,0,0,0,0,133,0,6,338,4,512,,,,
1430497158.36098,pg_toast,pg_toast_12329,0,0,0,0,0,0,0,0,0,0,0,0,0,0,,,,
1430497158.36098,pg_catalog,pg_ts_dict,3,48,0,0,0,0,0,0,16,0,2,2,0,0,,,,
1430497158.36098,pg_catalog,pg_index,119,9273,9762,10932,27,0,17,0,123,17,16,10107,16,10507,,,,
1430497158.36098,pg_catalog,pg_tablespace,21,42,2786,2786,0,0,0,0,2,0,18,2792,42,5552,,,,
1430497158.36098,pg_toast,pg_toast_2619,0,0,8625,24432,379,0,318,0,70,58,98,12850,6,9352,,,,
1430497158.36098,pg_catalog,pg_constraint,5,50,8,0,8,0,0,0,10,0,6,33,8,64,0,0,0,0
1430497158.36098,pg_toast,pg_toast_2618,0,0,134,423,0,0,0,0,0,0,59,125,6,175,,,,
1430497158.36098,pg_catalog,pg_cast,3,594,26136,6067,0,0,0,0,198,0,8,6067,8,26417,,,,
1430497158.36098,pg_catalog,pg_ts_config,3,48,0,0,0,0,0,0,16,0,2,2,0,0,,,,
1430497158.36098,pg_catalog,pg_ts_parser,3,3,0,0,0,0,0,0,1,0,2,2,0,0,,,,
1430497158.36098,pg_toast,pg_toast_2620,0,0,0,0,0,0,0,0,0,0,0,0,0,0,,,,
1430497158.36098,pg_toast,pg_toast_2396,0,0,0,0,0,0,0,0,0,0,0,0,0,0,,,,
1430497158.36098,pg_catalog,pg_largeobject,2,0,0,0,0,0,0,0,0,0,0,0,0,0,,,,
1430497158.36098,pg_catalog,pg_enum,4,0,0,0,0,0,0,0,0,0,0,0,0,0,,,,
1430497158.36098,pg_catalog,pg_foreign_table,2,0,0,0,0,0,0,0,0,0,0,0,0,0,,,,
1430497158.36098,pg_catalog,pg_collation,3,1806,0,0,0,0,0,0,602,0,38,38,0,0,,,,
1430497158.36098,public,new_order,4,36000,1762540,247765,155308,0,114980,0,38900,16112,752,1269863,693,5300377,,,,
1430497158.36098,pg_catalog,pg_am,384,396,0,0,0,0,0,0,5,0,4,381,0,0,,,,
1430497158.36098,pg_catalog,pg_proc,3,8073,8624,11518,6,0,0,0,2691,0,196,10051,52,18095,0,0,0,0
1430497158.36098,pg_catalog,pg_shdepend,9,9,1022,256,0,0,0,0,1,0,7,261,28,1062,,,,
1430497158.36098,public,orders,6,180000,276014,406172,176308,131560,0,107773,175003,23117,2515,754742,2439,1761484,,,,
1430497158.36098,pg_catalog,pg_language,4,16,10,10,0,0,0,0,4,0,2,13,4,18,,,,
1430497158.36098,pg_catalog,pg_range,2,12,4,0,0,0,0,0,6,0,2,1,4,4,,,,
1430497158.36098,pg_catalog,pg_attribute,70,8050,28778,105293,1401,20,1219,4,2491,0,179,40279,56,63684,,,,
1430497158.36098,public,district,72982,724240,677173,592100,10,286753,0,285901,10,389,106,6157360,4,678522,,,,
1430497158.36098,pg_catalog,pg_database,1324,5155,54845,54837,4,0,3,0,4,0,3,56174,72,63872,,,,
1430497158.36098,public,stock,4,400000,3353542,3084133,100000,1535707,0,0,99671,232592,34389,5046347,1385,14710302,,,,
1430497158.36098,pg_catalog,pg_conversion,4,528,0,0,0,0,0,0,132,0,6,9,0,0,,,,
1430497158.36098,pg_catalog,pg_type,3,1093,10866,10507,173,0,151,0,361,0,35,10907,23,22626,,,,
1430497158.36098,pg_catalog,pg_trigger,4,0,0,0,0,0,0,0,0,0,0,0,0,0,0,0,0,0
1430497158.36098,information_schema,sql_implementation_info,1,12,,,0,0,0,0,12,0,2,0,,,0,0,0,0
1430497158.36098,information_schema,sql_languages,1,4,,,0,0,0,0,4,0,2,0,,,0,0,0,0
1430497158.36098,pg_toast,pg_toast_12309,0,0,0,0,0,0,0,0,0,0,0,0,0,0,,,,
1430497158.36098,pg_toast,pg_toast_12334,0,0,0,0,0,0,0,0,0,0,0,0,0,0,,,,
1430497158.36098,pg_catalog,pg_amop,4,1744,4088,5417,0,0,0,0,436,0,16,5421,30,8732,,,,
1430497158.36098,pg_toast,pg_toast_1255,0,0,0,0,0,0,0,0,0,0,0,0,0,0,,,,
1430497158.36098,pg_toast,pg_toast_12314,0,0,0,0,0,0,0,0,0,0,0,0,0,0,,,,
1430497158.36098,pg_toast,pg_toast_12324,0,0,0,0,0,0,0,0,0,0,0,0,0,0,,,,
1430497158.36098,pg_catalog,pg_amproc,15,1056,2117,2784,0,0,0,0,344,0,12,1953,12,4592,,,,
1430497158.36098,pg_toast,pg_toast_2964,0,0,0,0,0,0,0,0,0,0,0,0,0,0,,,,
1430497158.36098,pg_catalog,pg_ts_template,3,15,0,0,0,0,0,0,5,0,2,2,0,0,,,,
1430497158.36098,pg_catalog,pg_db_role_setting,9,0,18216,0,0,0,0,0,0,0,0,0,18,18198,0,0,0,0
1430497158.36098,pg_toast,pg_toast_2609,0,0,0,0,0,0,0,0,0,0,0,0,0,0,,,,
1430497158.36098,information_schema,sql_parts,1,9,,,0,0,0,0,9,0,2,0,,,0,0,0,0
1430497158.36098,pg_catalog,pg_class,280,55857,33165,29362,122,324,101,68,316,0,43,32858,40,46326,,,,
1430497158.36098,pg_catalog,pg_seclabel,2,0,252,0,0,0,0,0,0,0,0,0,2,250,0,0,0,0
1430497158.36098,pg_catalog,pg_ts_config_map,2,608,0,0,0,0,0,0,304,0,4,2,0,0,,,,
1430497158.36098,information_schema,sql_sizing,1,23,,,0,0,0,0,23,0,2,0,,,0,0,0,0
1430497158.36098,pg_toast,pg_toast_12339,0,0,0,0,0,0,0,0,0,0,0,0,0,0,,,,
1430497158.36098,information_schema,sql_packages,1,10,,,0,0,0,0,10,0,2,0,,,0,0,0,0
1430497158.36098,pg_toast,pg_toast_2606,0,0,0,0,0,0,0,0,0,0,0,0,0,0,,,,
1430497158.36098,pg_catalog,pg_pltemplate,6,48,0,0,0,0,0,0,8,0,6,3,0,0,,,,
1430497158.36098,pg_catalog,pg_auth_members,9,0,0,0,0,0,0,0,0,0,0,0,0,0,,,,
1430497158.36098,pg_catalog,pg_depend,3,20120,2731,2507,348,0,256,0,6672,256,103,3172,39,6884,,,,
1430497158.36098,pg_toast,pg_toast_2604,0,0,0,0,0,0,0,0,0,0,0,0,0,0,,,,
1430497158.36098,pg_catalog,pg_shseclabel,6,0,3,0,0,0,0,0,0,0,0,0,3,0,,,,
1430497158.36098,information_schema,sql_features,1,672,,,0,0,0,0,672,0,14,0,,,0,0,0,0
1430497158.36098,pg_toast,pg_toast_12319,0,0,0,0,0,0,0,0,0,0,0,0,0,0,,,,
1430497158.36098,pg_catalog,pg_description,2,7372,252,0,0,0,0,0,3686,0,64,32,6,501,0,0,0,0
1430497158.36098,pg_catalog,pg_namespace,35,210,2677,2341,0,0,0,0,6,0,4,2373,16,3056,,,,
1430497158.36098,information_schema,sql_sizing_profiles,1,0,,,0,0,0,0,0,0,0,0,,,0,0,0,0
1430497158.36098,public,warehouse,1443312,1442431,2290363,422028,1,140445,0,137877,1,927,135,5731539,4,2293581,,,,
1430497158.36098,pg_catalog,pg_foreign_server,3,0,0,0,0,0,0,0,0,0,0,0,0,0,,,,
1430497218.37891,pg_catalog,pg_operator,3,2295,6024,39684,0,0,0,0,765,0,56,27590,29,12763,,,,
1430497218.37891,public,customer,6,180000,973908,2033746,30000,337519,0,320911,29995,4133,10279,2611498,775,2166963,,,,
1430497218.37891,pg_catalog,pg_extension,3,3,0,0,0,0,0,0,1,0,2,2,0,0,,,,
1430497218.37891,public,item,4,400000,1904564,1902745,100000,0,0,0,100000,0,5095,1908016,552,3817752,,,,
1430497218.37891,public,history,1,30000,,,203439,0,0,0,203328,1,5666,183902,,,,,,
1430497218.37891,pg_catalog,pg_authid,284,284,7180,7180,0,0,0,0,1,0,18,7449,66,14294,,,,
1430497218.37891,pg_catalog,pg_statistic,2,798,47922,47648,92,1091,0,684,491,161,118,50000,18,97153,98,13305,6,9633
1430497218.37891,pg_catalog,pg_opfamily,3,258,0,0,0,0,0,0,86,0,4,4,0,0,,,,
1430497218.37891,public,order_line,4,1138512,360466,3945355,2187372,1712993,0,1080300,2140289,279461,50136,7166258,17002,8767746,,,,
1430497218.37891,pg_catalog,pg_shdescription,10,27,3,0,0,0,0,0,3,0,7,6,7,0,0,0,0,0
1430497218.37891,pg_catalog,pg_event_trigger,3,0,27,0,0,0,0,0,0,0,0,0,2,25,,,,
1430497218.37891,pg_catalog,pg_user_mapping,3,0,0,0,0,0,0,0,0,0,0,0,0,0,,,,
1430497218.37891,pg_catalog,pg_inherits,3,0,84,0,0,0,0,0,0,0,0,0,2,82,,,,
1430497218.37891,pg_toast,pg_toast_3596,0,0,0,0,0,0,0,0,0,0,0,0,0,0,,,,
1430497218.37891,pg_catalog,pg_rewrite,3,327,111,111,0,0,0,0,109,0,32,123,4,188,59,133,12,370
1430497218.37891,pg_catalog,pg_foreign_data_wrapper,3,0,0,0,0,0,0,0,0,0,0,0,0,0,,,,
1430497218.37891,pg_catalog,pg_largeobject_metadata,2,0,0,0,0,0,0,0,0,0,0,0,0,0,,,,
1430497218.37891,pg_catalog,pg_opclass,15,396,2838,39978,0,0,0,0,128,0,12,15130,16,3440,,,,
1430497218.37891,pg_catalog,pg_attrdef,3,0,0,0,0,0,0,0,0,0,0,0,0,0,0,0,0,0
1430497218.37891,pg_catalog,pg_default_acl,3,0,59,0,0,0,0,0,0,0,0,0,2,57,,,,
1430497218.37891,pg_catalog,pg_aggregate,2,266,339,339,0,0,0,0,133,0,6,339,4,514,,,,
1430497218.37891,pg_toast,pg_toast_12329,0,0,0,0,0,0,0,0,0,0,0,0,0,0,,,,
1430497218.37891,pg_catalog,pg_ts_dict,3,48,0,0,0,0,0,0,16,0,2,2,0,0,,,,
1430497218.37891,pg_catalog,pg_index,124,9888,9954,11173,27,0,17,0,123,17,16,10313,16,10712,,,,
1430497218.37891,pg_catalog,pg_tablespace,21,42,2791,2791,0,0,0,0,2,0,18,2797,42,5562,,,,
1430497218.37891,pg_toast,pg_toast_2619,0,0,8849,25084,435,0,374,0,70,114,98,13305,6,9633,,,,
1430497218.37891,pg_catalog,pg_constraint,5,50,8,0,8,0,0,0,10,0,6,33,8,64,0,0,0,0
1430497218.37891,pg_toast,pg_toast_2618,0,0,140,441,0,0,0,0,0,0,59,133,6,185,,,,
1430497218.37891,pg_catalog,pg_cast,3,594,26355,6126,0,0,0,0,198,0,8,6126,8,26644,,,,
1430497218.37891,pg_catalog,pg_ts_config,3,48,0,0,0,0,0,0,16,0,2,2,0,0,,,,
1430497218.37891,pg_catalog,pg_ts_parser,3,3,0,0,0,0,0,0,1,0,2,2,0,0,,,,
1430497218.37891,pg_toast,pg_toast_2620,0,0,0,0,0,0,0,0,0,0,0,0,0,0,,,,
1430497218.37891,pg_toast,pg_toast_2396,0,0,0,0,0,0,0,0,0,0,0,0,0,0,,,,
1430497218.37891,pg_catalog,pg_largeobject,2,0,0,0,0,0,0,0,0,0,0,0,0,0,,,,
1430497218.37891,pg_catalog,pg_enum,4,0,0,0,0,0,0,0,0,0,0,0,0,0,,,,
1430497218.37891,pg_catalog,pg_foreign_table,2,0,0,0,0,0,0,0,0,0,0,0,0,0,,,,
1430497218.37891,pg_catalog,pg_collation,3,1806,0,0,0,0,0,0,602,0,38,38,0,0,,,,
1430497218.37891,public,new_order,4,36000,1827580,309204,190239,0,143570,0,44901,15204,829,1664059,761,5967904,,,,
1430497218.37891,pg_catalog,pg_am,389,401,0,0,0,0,0,0,5,0,4,386,0,0,,,,
1430497218.37891,pg_catalog,pg_proc,3,8073,8714,11657,6,0,0,0,2691,0,196,10162,52,18289,0,0,0,0
1430497218.37891,pg_catalog,pg_shdepend,9,9,1022,256,0,0,0,0,1,0,7,261,28,1062,,,,
1430497218.37891,public,orders,6,180000,344183,541345,211239,164080,0,134124,209566,30193,2835,975817,2876,2214886,,,,
1430497218.37891,pg_catalog,pg_language,4,16,10,10,0,0,0,0,4,0,2,13,4,18,,,,
1430497218.37891,pg_catalog,pg_range,2,12,4,0,0,0,0,0,6,0,2,1,4,4,,,,
1430497218.37891,pg_catalog,pg_attribute,70,8050,29320,107678,1401,20,1219,4,2491,0,179,40990,56,64775,,,,
1430497218.37891,public,district,72982,724240,820804,735731,10,355368,0,354271,10,334,120,8011616,4,822399,,,,
1430497218.37891,pg_catalog,pg_database,1327,5167,54882,54874,4,0,3,0,4,0,3,56214,72,63923,,,,
1430497218.37891,public,stock,4,400000,4160971,3821518,100000,1902744,0,0,99683,223777,34535,6258939,1388,18245483,,,,
1430497218.37891,pg_catalog,pg_conversion,4,528,0,0,0,0,0,0,132,0,6,9,0,0,,,,
1430497218.37891,pg_catalog,pg_type,3,1093,11001,10642,173,0,151,0,361,0,35,11042,23,22904,,,,
1430497218.37891,pg_catalog,pg_trigger,4,0,0,0,0,0,0,0,0,0,0,0,0,0,0,0,0,0
1430497218.37891,information_schema,sql_implementation_info,1,12,,,0,0,0,0,12,0,2,0,,,0,0,0,0
1430497218.37891,information_schema,sql_languages,1,4,,,0,0,0,0,4,0,2,0,,,0,0,0,0
1430497218.37891,pg_toast,pg_toast_12309,0,0,0,0,0,0,0,0,0,0,0,0,0,0,,,,
1430497218.37891,pg_toast,pg_toast_12334,0,0,0,0,0,0,0,0,0,0,0,0,0,0,,,,
1430497218.37891,pg_catalog,pg_amop,4,1744,4161,5503,0,0,0,0,436,0,16,5507,30,8892,,,,
1430497218.37891,pg_toast,pg_toast_1255,0,0,0,0,0,0,0,0,0,0,0,0,0,0,,,,
1430497218.37891,pg_toast,pg_toast_12314,0,0,0,0,0,0,0,0,0,0,0,0,0,0,,,,
1430497218.37891,pg_toast,pg_toast_12324,0,0,0,0,0,0,0,0,0,0,0,0,0,0,,,,
1430497218.37891,pg_catalog,pg_amproc,15,1056,2149,2824,0,0,0,0,344,0,12,1982,12,4661,,,,
1430497218.37891,pg_toast,pg_toast_2964,0,0,0,0,0,0,0,0,0,0,0,0,0,0,,,,
1430497218.37891,pg_catalog,pg_ts_template,3,15,0,0,0,0,0,0,5,0,2,2,0,0,,,,
1430497218.37891,pg_catalog,pg_db_role_setting,9,0,18244,0,0,0,0,0,0,0,0,0,18,18226,0,0,0,0
1430497218.37891,pg_toast,pg_toast_2609,0,0,0,0,0,0,0,0,0,0,0,0,0,0,,,,
1430497218.37891,information_schema,sql_parts,1,9,,,0,0,0,0,9,0,2,0,,,0,0,0,0
1430497218.37891,pg_catalog,pg_class,291,59034,34005,30079,122,324,101,68,316,0,43,33685,40,47324,,,,
1430497218.37891,pg_catalog,pg_seclabel,2,0,252,0,0,0,0,0,0,0,0,0,2,250,0,0,0,0
1430497218.37891,pg_catalog,pg_ts_config_map,2,608,0,0,0,0,0,0,304,0,4,2,0,0,,,,
1430497218.37891,information_schema,sql_sizing,1,23,,,0,0,0,0,23,0,2,0,,,0,0,0,0
1430497218.37891,pg_toast,pg_toast_12339,0,0,0,0,0,0,0,0,0,0,0,0,0,0,,,,
1430497218.37891,information_schema,sql_packages,1,10,,,0,0,0,0,10,0,2,0,,,0,0,0,0
1430497218.37891,pg_toast,pg_toast_2606,0,0,0,0,0,0,0,0,0,0,0,0,0,0,,,,
1430497218.37891,pg_catalog,pg_pltemplate,6,48,0,0,0,0,0,0,8,0,6,3,0,0,,,,
1430497218.37891,pg_catalog,pg_auth_members,9,0,0,0,0,0,0,0,0,0,0,0,0,0,,,,
1430497218.37891,pg_catalog,pg_depend,3,20120,2731,2507,348,0,256,0,6672,256,103,3172,39,6884,,,,
1430497218.37891,pg_toast,pg_toast_2604,0,0,0,0,0,0,0,0,0,0,0,0,0,0,,,,
1430497218.37891,pg_catalog,pg_shseclabel,6,0,3,0,0,0,0,0,0,0,0,0,3,0,,,,
1430497218.37891,information_schema,sql_features,1,672,,,0,0,0,0,672,0,14,0,,,0,0,0,0
1430497218.37891,pg_toast,pg_toast_12319,0,0,0,0,0,0,0,0,0,0,0,0,0,0,,,,
1430497218.37891,pg_catalog,pg_description,2,7372,252,0,0,0,0,0,3686,0,64,32,6,501,0,0,0,0
1430497218.37891,pg_catalog,pg_namespace,37,222,2822,2479,0,0,0,0,6,0,4,2513,16,3211,,,,
1430497218.37891,information_schema,sql_sizing_profiles,1,0,,,0,0,0,0,0,0,0,0,,,0,0,0,0
1430497218.37891,public,warehouse,1443312,1442431,2392662,524327,1,174129,0,170928,1,719,135,6490260,4,2396524,,,,
1430497218.37891,pg_catalog,pg_foreign_server,3,0,0,0,0,0,0,0,0,0,0,0,0,0,,,,
1430497278.36703,pg_catalog,pg_operator,3,2295,6044,39704,0,0,0,0,765,0,56,27610,29,12809,,,,
1430497278.36703,public,customer,6,180000,1134048,2444069,30000,402869,0,383429,30002,7484,10339,3127746,797,2526764,,,,
1430497278.36703,pg_catalog,pg_extension,3,3,0,0,0,0,0,0,1,0,2,2,0,0,,,,
1430497278.36703,public,item,4,400000,2278480,2276306,100000,0,0,0,100000,0,5095,2281577,552,4567285,,,,
1430497278.36703,public,history,1,30000,,,237219,0,0,0,237160,1,6564,220584,,,,,,
1430497278.36703,pg_catalog,pg_authid,285,285,7191,7191,0,0,0,0,1,0,18,7461,66,14316,,,,
1430497278.36703,pg_catalog,pg_statistic,2,798,48718,48440,92,1169,0,756,491,188,119,50893,18,98761,109,13896,6,9926
1430497278.36703,pg_catalog,pg_opfamily,3,258,0,0,0,0,0,0,86,0,4,4,0,0,,,,
1430497278.36703,public,order_line,4,1138512,430044,4707842,2560933,2044806,0,1277207,2509799,475838,56463,8597740,19767,10513908,,,,
1430497278.36703,pg_catalog,pg_shdescription,10,27,3,0,0,0,0,0,3,0,7,6,7,0,0,0,0,0
1430497278.36703,pg_catalog,pg_event_trigger,3,0,27,0,0,0,0,0,0,0,0,0,2,25,,,,
1430497278.36703,pg_catalog,pg_user_mapping,3,0,0,0,0,0,0,0,0,0,0,0,0,0,,,,
1430497278.36703,pg_catalog,pg_inherits,3,0,84,0,0,0,0,0,0,0,0,0,2,82,,,,
1430497278.36703,pg_toast,pg_toast_3596,0,0,0,0,0,0,0,0,0,0,0,0,0,0,,,,
1430497278.36703,pg_catalog,pg_rewrite,3,327,116,116,0,0,0,0,109,0,32,128,4,196,59,139,12,382
1430497278.36703,pg_catalog,pg_foreign_data_wrapper,3,0,0,0,0,0,0,0,0,0,0,0,0,0,,,,
1430497278.36703,pg_catalog,pg_largeobject_metadata,2,0,0,0,0,0,0,0,0,0,0,0,0,0,,,,
1430497278.36703,pg_catalog,pg_opclass,15,396,2865,40349,0,0,0,0,128,0,12,15253,16,3476,,,,
1430497278.36703,pg_catalog,pg_attrdef,3,0,0,0,0,0,0,0,0,0,0,0,0,0,0,0,0,0
1430497278.36703,pg_catalog,pg_default_acl,3,0,59,0,0,0,0,0,0,0,0,0,2,57,,,,
1430497278.36703,pg_catalog,pg_aggregate,2,266,340,340,0,0,0,0,133,0,6,340,4,516,,,,
1430497278.36703,pg_toast,pg_toast_12329,0,0,0,0,0,0,0,0,0,0,0,0,0,0,,,,
1430497278.36703,pg_catalog,pg_ts_dict,3,48,0,0,0,0,0,0,16,0,2,2,0,0,,,,
1430497278.36703,pg_catalog,pg_index,129,10503,10107,11356,27,0,17,0,123,17,16,10480,16,10875,,,,
1430497278.36703,pg_catalog,pg_tablespace,21,42,2796,2796,0,0,0,0,2,0,18,2802,42,5572,,,,
1430497278.36703,pg_toast,pg_toast_2619,0,0,9073,25746,492,0,430,0,72,58,109,13896,6,9926,,,,
1430497278.36703,pg_catalog,pg_constraint,5,50,8,0,8,0,0,0,10,0,6,33,8,64,0,0,0,0
1430497278.36703,pg_toast,pg_toast_2618,0,0,144,455,0,0,0,0,0,0,59,139,6,191,,,,
1430497278.36703,pg_catalog,pg_cast,3,594,26502,6163,0,0,0,0,198,0,8,6163,8,26795,,,,
1430497278.36703,pg_catalog,pg_ts_config,3,48,0,0,0,0,0,0,16,0,2,2,0,0,,,,
1430497278.36703,pg_catalog,pg_ts_parser,3,3,0,0,0,0,0,0,1,0,2,2,0,0,,,,
1430497278.36703,pg_toast,pg_toast_2620,0,0,0,0,0,0,0,0,0,0,0,0,0,0,,,,
1430497278.36703,pg_toast,pg_toast_2396,0,0,0,0,0,0,0,0,0,0,0,0,0,0,,,,
1430497278.36703,pg_catalog,pg_largeobject,2,0,0,0,0,0,0,0,0,0,0,0,0,0,,,,
1430497278.36703,pg_catalog,pg_enum,4,0,0,0,0,0,0,0,0,0,0,0,0,0,,,,
1430497278.36703,pg_catalog,pg_foreign_table,2,0,0,0,0,0,0,0,0,0,0,0,0,0,,,,
1430497278.36703,pg_catalog,pg_collation,3,1806,0,0,0,0,0,0,602,0,38,38,0,0,,,,
1430497278.36703,public,new_order,4,36000,1890720,368808,225894,0,171370,0,52397,16099,829,2086199,801,6598666,,,,
1430497278.36703,pg_catalog,pg_am,395,407,0,0,0,0,0,0,5,0,4,392,0,0,,,,
1430497278.36703,pg_catalog,pg_proc,3,8073,8780,11744,6,0,0,0,2691,0,196,10237,52,18427,0,0,0,0
1430497278.36703,pg_catalog,pg_shdepend,9,9,1022,256,0,0,0,0,1,0,7,261,28,1062,,,,
1430497278.36703,public,orders,6,180000,410485,694311,246894,195650,0,159843,244844,36996,3156,1213637,3359,2665589,,,,
1430497278.36703,pg_catalog,pg_language,4,16,10,10,0,0,0,0,4,0,2,13,4,18,,,,
1430497278.36703,pg_catalog,pg_range,2,12,4,0,0,0,0,0,6,0,2,1,4,4,,,,
1430497278.36703,pg_catalog,pg_attribute,70,8050,29794,109552,1401,20,1219,4,2491,0,179,41575,56,65731,,,,
1430497278.36703,public,district,72982,724240,965834,880761,10,424803,0,423455,10,352,127,9801974,4,967681,,,,
1430497278.36703,pg_catalog,pg_database,1330,5179,54917,54909,4,0,3,0,4,0,3,56252,72,63972,,,,
1430497278.36703,public,stock,4,400000,4974537,4571524,100000,2276305,0,0,99706,233828,34539,7496114,1391,21820126,,,,
1430497278.36703,pg_catalog,pg_conversion,4,528,0,0,0,0,0,0,132,0,6,9,0,0,,,,
1430497278.36703,pg_catalog,pg_type,3,1093,11064,10705,173,0,151,0,361,0,35,11105,23,23034,,,,
1430497278.36703,pg_catalog,pg_trigger,4,0,0,0,0,0,0,0,0,0,0,0,0,0,0,0,0,0
1430497278.36703,information_schema,sql_implementation_info,1,12,,,0,0,0,0,12,0,2,0,,,0,0,0,0
1430497278.36703,information_schema,sql_languages,1,4,,,0,0,0,0,4,0,2,0,,,0,0,0,0
1430497278.36703,pg_toast,pg_toast_12309,0,0,0,0,0,0,0,0,0,0,0,0,0,0,,,,
1430497278.36703,pg_toast,pg_toast_12334,0,0,0,0,0,0,0,0,0,0,0,0,0,0,,,,
1430497278.36703,pg_catalog,pg_amop,4,1744,4202,5549,0,0,0,0,436,0,16,5553,30,8980,,,,
1430497278.36703,pg_toast,pg_toast_1255,0,0,0,0,0,0,0,0,0,0,0,0,0,0,,,,
1430497278.36703,pg_toast,pg_toast_12314,0,0,0,0,0,0,0,0,0,0,0,0,0,0,,,,
1430497278.36703,pg_toast,pg_toast_12324,0,0,0,0,0,0,0,0,0,0,0,0,0,0,,,,
1430497278.36703,pg_catalog,pg_amproc,15,1056,2172,2854,0,0,0,0,344,0,12,2002,12,4713,,,,
1430497278.36703,pg_toast,pg_toast_2964,0,0,0,0,0,0,0,0,0,0,0,0,0,0,,,,
1430497278.36703,pg_catalog,pg_ts_template,3,15,0,0,0,0,0,0,5,0,2,2,0,0,,,,
1430497278.36703,pg_catalog,pg_db_role_setting,9,0,18272,0,0,0,0,0,0,0,0,0,18,18254,0,0,0,0
1430497278.36703,pg_toast,pg_toast_2609,0,0,0,0,0,0,0,0,0,0,0,0,0,0,,,,
1430497278.36703,information_schema,sql_parts,1,9,,,0,0,0,0,9,0,2,0,,,0,0,0,0
1430497278.36703,pg_catalog,pg_class,300,61579,34740,30691,122,324,101,68,316,0,43,34390,40,48175,,,,
1430497278.36703,pg_catalog,pg_seclabel,2,0,252,0,0,0,0,0,0,0,0,0,2,250,0,0,0,0
1430497278.36703,pg_catalog,pg_ts_config_map,2,608,0,0,0,0,0,0,304,0,4,2,0,0,,,,
1430497278.36703,information_schema,sql_sizing,1,23,,,0,0,0,0,23,0,2,0,,,0,0,0,0
1430497278.36703,pg_toast,pg_toast_12339,0,0,0,0,0,0,0,0,0,0,0,0,0,0,,,,
1430497278.36703,information_schema,sql_packages,1,10,,,0,0,0,0,10,0,2,0,,,0,0,0,0
1430497278.36703,pg_toast,pg_toast_2606,0,0,0,0,0,0,0,0,0,0,0,0,0,0,,,,
1430497278.36703,pg_catalog,pg_pltemplate,6,48,0,0,0,0,0,0,8,0,6,3,0,0,,,,
1430497278.36703,pg_catalog,pg_auth_members,9,0,0,0,0,0,0,0,0,0,0,0,0,0,,,,
1430497278.36703,pg_catalog,pg_depend,3,20120,2731,2507,348,0,256,0,6672,256,103,3172,39,6884,,,,
1430497278.36703,pg_toast,pg_toast_2604,0,0,0,0,0,0,0,0,0,0,0,0,0,0,,,,
1430497278.36703,pg_catalog,pg_shseclabel,6,0,3,0,0,0,0,0,0,0,0,0,3,0,,,,
1430497278.36703,information_schema,sql_features,1,672,,,0,0,0,0,672,0,14,0,,,0,0,0,0
1430497278.36703,pg_toast,pg_toast_12319,0,0,0,0,0,0,0,0,0,0,0,0,0,0,,,,
1430497278.36703,pg_catalog,pg_description,2,7372,252,0,0,0,0,0,3686,0,64,32,6,501,0,0,0,0
1430497278.36703,pg_catalog,pg_namespace,39,234,2956,2610,0,0,0,0,6,0,4,2646,16,3351,,,,
1430497278.36703,information_schema,sql_sizing_profiles,1,0,,,0,0,0,0,0,0,0,0,,,0,0,0,0
1430497278.36703,public,warehouse,1443312,1442431,2495877,627542,1,207909,0,204068,1,838,135,7260753,4,2500390,,,,
1430497278.36703,pg_catalog,pg_foreign_server,3,0,0,0,0,0,0,0,0,0,0,0,0,0,,,,
1430497338.37367,pg_catalog,pg_operator,3,2295,6067,39727,0,0,0,0,765,0,56,27633,29,12864,,,,
1430497338.37367,public,customer,6,180000,1291727,2827744,30000,466986,0,445434,29998,4029,10359,3622391,797,2878411,,,,
1430497338.37367,pg_catalog,pg_extension,3,3,0,0,0,0,0,0,1,0,2,2,0,0,,,,
1430497338.37367,public,item,4,400000,2643983,2641450,100000,0,0,0,100000,0,5095,2646721,552,5300084,,,,
1430497338.37367,public,history,1,30000,,,270766,0,0,0,270758,1,7456,257405,,,,,,
1430497338.37367,pg_catalog,pg_authid,286,286,7202,7202,0,0,0,0,1,0,18,7473,66,14338,,,,
1430497338.37367,pg_catalog,pg_statistic,2,798,49521,49237,92,1247,0,828,491,67,125,51884,18,100399,109,14361,6,10207
1430497338.37367,pg_catalog,pg_opfamily,3,258,0,0,0,0,0,0,86,0,4,4,0,0,,,,
1430497338.37367,public,order_line,4,1138512,497419,5448693,2926077,2366056,0,1496263,2883250,91423,60313,9970795,22570,12148916,,,,
1430497338.37367,pg_catalog,pg_shdescription,10,27,3,0,0,0,0,0,3,0,7,6,7,0,0,0,0,0
1430497338.37367,pg_catalog,pg_event_trigger,3,0,27,0,0,0,0,0,0,0,0,0,2,25,,,,
1430497338.37367,pg_catalog,pg_user_mapping,3,0,0,0,0,0,0,0,0,0,0,0,0,0,,,,
1430497338.37367,pg_catalog,pg_inherits,3,0,84,0,0,0,0,0,0,0,0,0,2,82,,,,
1430497338.37367,pg_toast,pg_toast_3596,0,0,0,0,0,0,0,0,0,0,0,0,0,0,,,,
1430497338.37367,pg_catalog,pg_rewrite,3,327,123,123,0,0,0,0,109,0,32,135,4,208,59,146,12,398
1430497338.37367,pg_catalog,pg_foreign_data_wrapper,3,0,0,0,0,0,0,0,0,0,0,0,0,0,,,,
1430497338.37367,pg_catalog,pg_largeobject_metadata,2,0,0,0,0,0,0,0,0,0,0,0,0,0,,,,
1430497338.37367,pg_catalog,pg_opclass,19,400,2923,40832,0,0,0,0,128,0,12,15439,16,3544,,,,
1430497338.37367,pg_catalog,pg_attrdef,3,0,0,0,0,0,0,0,0,0,0,0,0,0,0,0,0,0
1430497338.37367,pg_catalog,pg_default_acl,3,0,59,0,0,0,0,0,0,0,0,0,2,57,,,,
1430497338.37367,pg_catalog,pg_aggregate,2,266,341,341,0,0,0,0,133,0,6,341,4,518,,,,
1430497338.37367,pg_toast,pg_toast_12329,0,0,0,0,0,0,0,0,0,0,0,0,0,0,,,,
1430497338.37367,pg_catalog,pg_ts_dict,3,48,0,0,0,0,0,0,16,0,2,2,0,0,,,,
1430497338.37367,pg_catalog,pg_index,148,11132,10405,11699,27,0,17,0,123,17,16,10814,16,11185,,,,
1430497338.37367,pg_catalog,pg_tablespace,21,42,2801,2801,0,0,0,0,2,0,18,2807,42,5582,,,,
1430497338.37367,pg_toast,pg_toast_2619,0,0,9297,26400,548,0,487,0,71,115,109,14361,6,10207,,,,
1430497338.37367,pg_catalog,pg_constraint,5,50,8,0,8,0,0,0,10,0,6,33,8,64,0,0,0,0
1430497338.37367,pg_toast,pg_toast_2618,0,0,149,471,0,0,0,0,0,0,59,146,6,199,,,,
1430497338.37367,pg_catalog,pg_cast,3,594,26685,6211,0,0,0,0,198,0,8,6211,8,26984,,,,
1430497338.37367,pg_catalog,pg_ts_config,3,48,0,0,0,0,0,0,16,0,2,2,0,0,,,,
1430497338.37367,pg_catalog,pg_ts_parser,3,3,0,0,0,0,0,0,1,0,2,2,0,0,,,,
1430497338.37367,pg_toast,pg_toast_2620,0,0,0,0,0,0,0,0,0,0,0,0,0,0,,,,
1430497338.37367,pg_toast,pg_toast_2396,0,0,0,0,0,0,0,0,0,0,0,0,0,0,,,,
1430497338.37367,pg_catalog,pg_largeobject,2,0,0,0,0,0,0,0,0,0,0,0,0,0,,,,
1430497338.37367,pg_catalog,pg_enum,4,0,0,0,0,0,0,0,0,0,0,0,0,0,,,,
1430497338.37367,pg_catalog,pg_foreign_table,2,0,0,0,0,0,0,0,0,0,0,0,0,0,,,,
1430497338.37367,pg_catalog,pg_collation,3,1806,0,0,0,0,0,0,602,0,38,38,0,0,,,,
1430497338.37367,public,new_order,4,36000,1951860,426765,260740,0,198540,0,59609,16004,894,2474503,836,7213916,,,,
1430497338.37367,pg_catalog,pg_am,401,413,0,0,0,0,0,0,5,0,4,398,0,0,,,,
1430497338.37367,pg_catalog,pg_proc,3,8073,8858,11857,6,0,0,0,2691,0,196,10330,52,18593,0,0,0,0
1430497338.37367,pg_catalog,pg_shdepend,9,9,1022,256,0,0,0,0,1,0,7,261,28,1062,,,,
1430497338.37367,public,orders,6,180000,474687,851756,281740,226220,0,184550,279301,43353,3469,1453674,3816,3105193,,,,
1430497338.37367,pg_catalog,pg_language,4,16,10,10,0,0,0,0,4,0,2,13,4,18,,,,
1430497338.37367,pg_catalog,pg_range,2,12,4,0,0,0,0,0,6,0,2,1,4,4,,,,
1430497338.37367,pg_catalog,pg_attribute,92,8200,30497,112831,1401,20,1219,4,2491,0,179,42768,56,67147,,,,
1430497338.37367,public,district,72982,724240,1108943,1023870,10,493196,0,491567,10,367,131,11480338,4,1111082,,,,
1430497338.37367,pg_catalog,pg_database,1333,5191,54951,54943,4,0,3,0,4,0,3,56289,72,64020,,,,
1430497338.37367,public,stock,4,400000,5771551,5304962,100000,2641449,0,0,99641,241842,34613,8716309,1401,25320249,,,,
1430497338.37367,pg_catalog,pg_conversion,4,528,0,0,0,0,0,0,132,0,6,9,0,0,,,,
1430497338.37367,pg_catalog,pg_type,3,1093,11163,10804,173,0,151,0,361,0,35,11204,23,23238,,,,
1430497338.37367,pg_catalog,pg_trigger,4,0,0,0,0,0,0,0,0,0,0,0,0,0,0,0,0,0
1430497338.37367,information_schema,sql_implementation_info,1,12,,,0,0,0,0,12,0,2,0,,,0,0,0,0
1430497338.37367,information_schema,sql_languages,1,4,,,0,0,0,0,4,0,2,0,,,0,0,0,0
1430497338.37367,pg_toast,pg_toast_12309,0,0,0,0,0,0,0,0,0,0,0,0,0,0,,,,
1430497338.37367,pg_toast,pg_toast_12334,0,0,0,0,0,0,0,0,0,0,0,0,0,0,,,,
1430497338.37367,pg_catalog,pg_amop,4,1744,4259,5615,0,0,0,0,436,0,16,5619,30,9104,,,,
1430497338.37367,pg_toast,pg_toast_1255,0,0,0,0,0,0,0,0,0,0,0,0,0,0,,,,
1430497338.37367,pg_toast,pg_toast_12314,0,0,0,0,0,0,0,0,0,0,0,0,0,0,,,,
1430497338.37367,pg_toast,pg_toast_12324,0,0,0,0,0,0,0,0,0,0,0,0,0,0,,,,
1430497338.37367,pg_catalog,pg_amproc,19,1064,2226,2927,0,0,0,0,344,0,12,2065,12,4827,,,,
1430497338.37367,pg_toast,pg_toast_2964,0,0,0,0,0,0,0,0,0,0,0,0,0,0,,,,
1430497338.37367,pg_catalog,pg_ts_template,3,15,0,0,0,0,0,0,5,0,2,2,0,0,,,,
1430497338.37367,pg_catalog,pg_db_role_setting,9,0,18300,0,0,0,0,0,0,0,0,0,18,18282,0,0,0,0
1430497338.37367,pg_toast,pg_toast_2609,0,0,0,0,0,0,0,0,0,0,0,0,0,0,,,,
1430497338.37367,information_schema,sql_parts,1,9,,,0,0,0,0,9,0,2,0,,,0,0,0,0
1430497338.37367,pg_catalog,pg_class,332,64462,35780,31608,122,324,101,68,316,0,43,35491,40,49376,,,,
1430497338.37367,pg_catalog,pg_seclabel,2,0,252,0,0,0,0,0,0,0,0,0,2,250,0,0,0,0
1430497338.37367,pg_catalog,pg_ts_config_map,2,608,0,0,0,0,0,0,304,0,4,2,0,0,,,,
1430497338.37367,information_schema,sql_sizing,1,23,,,0,0,0,0,23,0,2,0,,,0,0,0,0
1430497338.37367,pg_toast,pg_toast_12339,0,0,0,0,0,0,0,0,0,0,0,0,0,0,,,,
1430497338.37367,information_schema,sql_packages,1,10,,,0,0,0,0,10,0,2,0,,,0,0,0,0
1430497338.37367,pg_toast,pg_toast_2606,0,0,0,0,0,0,0,0,0,0,0,0,0,0,,,,
1430497338.37367,pg_catalog,pg_pltemplate,6,48,0,0,0,0,0,0,8,0,6,3,0,0,,,,
1430497338.37367,pg_catalog,pg_auth_members,9,0,0,0,0,0,0,0,0,0,0,0,0,0,,,,
1430497338.37367,pg_catalog,pg_depend,3,20120,2731,2507,348,0,256,0,6672,256,103,3172,39,6884,,,,
1430497338.37367,pg_toast,pg_toast_2604,0,0,0,0,0,0,0,0,0,0,0,0,0,0,,,,
1430497338.37367,pg_catalog,pg_shseclabel,6,0,3,0,0,0,0,0,0,0,0,0,3,0,,,,
1430497338.37367,information_schema,sql_features,1,672,,,0,0,0,0,672,0,14,0,,,0,0,0,0
1430497338.37367,pg_toast,pg_toast_12319,0,0,0,0,0,0,0,0,0,0,0,0,0,0,,,,
1430497338.37367,pg_catalog,pg_description,2,7372,252,0,0,0,0,0,3686,0,64,32,6,501,0,0,0,0
1430497338.37367,pg_catalog,pg_namespace,41,246,3096,2745,0,0,0,0,6,0,4,2783,16,3499,,,,
1430497338.37367,information_schema,sql_sizing_profiles,1,0,,,0,0,0,0,0,0,0,0,,,0,0,0,0
1430497338.37367,public,warehouse,1443312,1442431,2597817,729482,1,241456,0,236976,1,709,143,8067785,4,2602980,,,,
1430497338.37367,pg_catalog,pg_foreign_server,3,0,0,0,0,0,0,0,0,0,0,0,0,0,,,,
1430497398.37423,pg_catalog,pg_operator,3,2295,6090,39750,0,0,0,0,765,0,56,27656,29,12919,,,,
1430497398.37423,public,customer,6,180000,1447926,3220523,30000,530948,0,506947,29999,6557,10359,4116920,801,3227656,,,,
1430497398.37423,pg_catalog,pg_extension,3,3,0,0,0,0,0,0,1,0,2,2,0,0,,,,
1430497398.37423,public,item,4,400000,3006350,3003444,100000,0,0,0,100000,0,5095,3008715,552,6026613,,,,
1430497398.37423,public,history,1,30000,,,303848,0,0,0,303807,1,8350,294207,,,,,,
1430497398.37423,pg_catalog,pg_authid,287,287,7213,7213,0,0,0,0,1,0,18,7485,66,14360,,,,
1430497398.37423,pg_catalog,pg_statistic,2,798,50324,50034,92,1325,0,904,491,117,125,52781,18,102015,109,14914,6,10490
1430497398.37423,pg_catalog,pg_opfamily,3,258,0,0,0,0,0,0,86,0,4,4,0,0,,,,
1430497398.37423,public,order_line,4,1138512,565329,6191227,3288070,2690246,0,1715073,3191378,247752,63951,11264899,25216,13766300,,,,
1430497398.37423,pg_catalog,pg_shdescription,10,27,3,0,0,0,0,0,3,0,7,6,7,0,0,0,0,0
1430497398.37423,pg_catalog,pg_event_trigger,3,0,27,0,0,0,0,0,0,0,0,0,2,25,,,,
1430497398.37423,pg_catalog,pg_user_mapping,3,0,0,0,0,0,0,0,0,0,0,0,0,0,,,,
1430497398.37423,pg_catalog,pg_inherits,3,0,84,0,0,0,0,0,0,0,0,0,2,82,,,,
1430497398.37423,pg_toast,pg_toast_3596,0,0,0,0,0,0,0,0,0,0,0,0,0,0,,,,
1430497398.37423,pg_catalog,pg_rewrite,3,327,130,130,0,0,0,0,109,0,32,142,4,220,59,153,12,414
1430497398.37423,pg_catalog,pg_foreign_data_wrapper,3,0,0,0,0,0,0,0,0,0,0,0,0,0,,,,
1430497398.37423,pg_catalog,pg_largeobject_metadata,2,0,0,0,0,0,0,0,0,0,0,0,0,0,,,,
1430497398.37423,pg_catalog,pg_opclass,19,400,2953,41287,0,0,0,0,128,0,12,15593,16,3584,,,,
1430497398.37423,pg_catalog,pg_attrdef,3,0,0,0,0,0,0,0,0,0,0,0,0,0,0,0,0,0
1430497398.37423,pg_catalog,pg_default_acl,3,0,59,0,0,0,0,0,0,0,0,0,2,57,,,,
1430497398.37423,pg_catalog,pg_aggregate,2,266,342,342,0,0,0,0,133,0,6,342,4,520,,,,
1430497398.37423,pg_toast,pg_toast_12329,0,0,0,0,0,0,0,0,0,0,0,0,0,0,,,,
1430497398.37423,pg_catalog,pg_ts_dict,3,48,0,0,0,0,0,0,16,0,2,2,0,0,,,,
1430497398.37423,pg_catalog,pg_index,153,11747,10577,11905,27,0,17,0,123,17,16,11000,16,11369,,,,
1430497398.37423,pg_catalog,pg_tablespace,21,42,2806,2806,0,0,0,0,2,0,18,2812,42,5592,,,,
1430497398.37423,pg_toast,pg_toast_2619,0,0,9521,27062,605,0,543,0,72,58,109,14914,6,10490,,,,
1430497398.37423,pg_catalog,pg_constraint,5,50,8,0,8,0,0,0,10,0,6,33,8,64,0,0,0,0
1430497398.37423,pg_toast,pg_toast_2618,0,0,154,487,0,0,0,0,0,0,59,153,6,207,,,,
1430497398.37423,pg_catalog,pg_cast,3,594,26868,6259,0,0,0,0,198,0,8,6259,8,27173,,,,
1430497398.37423,pg_catalog,pg_ts_config,3,48,0,0,0,0,0,0,16,0,2,2,0,0,,,,
1430497398.37423,pg_catalog,pg_ts_parser,3,3,0,0,0,0,0,0,1,0,2,2,0,0,,,,
1430497398.37423,pg_toast,pg_toast_2620,0,0,0,0,0,0,0,0,0,0,0,0,0,0,,,,
1430497398.37423,pg_toast,pg_toast_2396,0,0,0,0,0,0,0,0,0,0,0,0,0,0,,,,
1430497398.37423,pg_catalog,pg_largeobject,2,0,0,0,0,0,0,0,0,0,0,0,0,0,,,,
1430497398.37423,pg_catalog,pg_enum,4,0,0,0,0,0,0,0,0,0,0,0,0,0,,,,
1430497398.37423,pg_catalog,pg_foreign_table,2,0,0,0,0,0,0,0,0,0,0,0,0,0,,,,
1430497398.37423,pg_catalog,pg_collation,3,1806,0,0,0,0,0,0,602,0,38,38,0,0,,,,
1430497398.37423,public,new_order,4,36000,2013620,485039,295319,0,225780,0,66634,11272,966,2870612,930,7892735,,,,
1430497398.37423,pg_catalog,pg_am,407,419,0,0,0,0,0,0,5,0,4,404,0,0,,,,
1430497398.37423,pg_catalog,pg_proc,3,8073,8936,11970,6,0,0,0,2691,0,196,10423,52,18759,0,0,0,0
1430497398.37423,pg_catalog,pg_shdepend,9,9,1022,256,0,0,0,0,1,0,7,261,28,1062,,,,
1430497398.37423,public,orders,6,180000,539474,1029227,316319,257100,0,209781,313477,49903,3778,1713947,4228,3543712,,,,
1430497398.37423,pg_catalog,pg_language,4,16,10,10,0,0,0,0,4,0,2,13,4,18,,,,
1430497398.37423,pg_catalog,pg_range,2,12,4,0,0,0,0,0,6,0,2,1,4,4,,,,
1430497398.37423,pg_catalog,pg_attribute,92,8200,30999,114906,1401,20,1219,4,2491,0,179,43425,56,68159,,,,
1430497398.37423,public,district,72982,724240,1249954,1164881,10,560857,0,558947,10,375,131,13707955,4,1252375,,,,
1430497398.37423,pg_catalog,pg_database,1336,5203,54988,54980,4,0,3,0,4,0,3,56329,72,64071,,,,
1430497398.37423,public,stock,4,400000,6558228,6031516,100000,3003442,0,0,99680,171919,34752,9925905,1403,28780932,,,,
1430497398.37423,pg_catalog,pg_conversion,4,528,0,0,0,0,0,0,132,0,6,9,0,0,,,,
1430497398.37423,pg_catalog,pg_type,3,1093,11262,10903,173,0,151,0,361,0,35,11303,23,23442,,,,
1430497398.37423,pg_catalog,pg_trigger,4,0,0,0,0,0,0,0,0,0,0,0,0,0,0,0,0,0
1430497398.37423,information_schema,sql_implementation_info,1,12,,,0,0,0,0,12,0,2,0,,,0,0,0,0
1430497398.37423,information_schema,sql_languages,1,4,,,0,0,0,0,4,0,2,0,,,0,0,0,0
1430497398.37423,pg_toast,pg_toast_12309,0,0,0,0,0,0,0,0,0,0,0,0,0,0,,,,
1430497398.37423,pg_toast,pg_toast_12334,0,0,0,0,0,0,0,0,0,0,0,0,0,0,,,,
1430497398.37423,pg_catalog,pg_amop,4,1744,4316,5681,0,0,0,0,436,0,16,5685,30,9228,,,,
1430497398.37423,pg_toast,pg_toast_1255,0,0,0,0,0,0,0,0,0,0,0,0,0,0,,,,
1430497398.37423,pg_toast,pg_toast_12314,0,0,0,0,0,0,0,0,0,0,0,0,0,0,,,,
1430497398.37423,pg_toast,pg_toast_12324,0,0,0,0,0,0,0,0,0,0,0,0,0,0,,,,
1430497398.37423,pg_catalog,pg_amproc,19,1064,2252,2959,0,0,0,0,344,0,12,2088,12,4885,,,,
1430497398.37423,pg_toast,pg_toast_2964,0,0,0,0,0,0,0,0,0,0,0,0,0,0,,,,
1430497398.37423,pg_catalog,pg_ts_template,3,15,0,0,0,0,0,0,5,0,2,2,0,0,,,,
1430497398.37423,pg_catalog,pg_db_role_setting,9,0,18328,0,0,0,0,0,0,0,0,0,18,18310,0,0,0,0
1430497398.37423,pg_toast,pg_toast_2609,0,0,0,0,0,0,0,0,0,0,0,0,0,0,,,,
1430497398.37423,information_schema,sql_parts,1,9,,,0,0,0,0,9,0,2,0,,,0,0,0,0
1430497398.37423,pg_catalog,pg_class,342,67323,36569,32274,122,324,101,68,316,0,43,36258,40,50307,,,,
1430497398.37423,pg_catalog,pg_seclabel,2,0,252,0,0,0,0,0,0,0,0,0,2,250,0,0,0,0
1430497398.37423,pg_catalog,pg_ts_config_map,2,608,0,0,0,0,0,0,304,0,4,2,0,0,,,,
1430497398.37423,information_schema,sql_sizing,1,23,,,0,0,0,0,23,0,2,0,,,0,0,0,0
1430497398.37423,pg_toast,pg_toast_12339,0,0,0,0,0,0,0,0,0,0,0,0,0,0,,,,
1430497398.37423,information_schema,sql_packages,1,10,,,0,0,0,0,10,0,2,0,,,0,0,0,0
1430497398.37423,pg_toast,pg_toast_2606,0,0,0,0,0,0,0,0,0,0,0,0,0,0,,,,
1430497398.37423,pg_catalog,pg_pltemplate,6,48,0,0,0,0,0,0,8,0,6,3,0,0,,,,
1430497398.37423,pg_catalog,pg_auth_members,9,0,0,0,0,0,0,0,0,0,0,0,0,0,,,,
1430497398.37423,pg_catalog,pg_depend,3,20120,2731,2507,348,0,256,0,6672,256,103,3172,39,6884,,,,
1430497398.37423,pg_toast,pg_toast_2604,0,0,0,0,0,0,0,0,0,0,0,0,0,0,,,,
1430497398.37423,pg_catalog,pg_shseclabel,6,0,3,0,0,0,0,0,0,0,0,0,3,0,,,,
1430497398.37423,information_schema,sql_features,1,672,,,0,0,0,0,672,0,14,0,,,0,0,0,0
1430497398.37423,pg_toast,pg_toast_12319,0,0,0,0,0,0,0,0,0,0,0,0,0,0,,,,
1430497398.37423,pg_catalog,pg_description,2,7372,252,0,0,0,0,0,3686,0,64,32,6,501,0,0,0,0
1430497398.37423,pg_catalog,pg_namespace,43,258,3236,2880,0,0,0,0,6,0,4,2920,16,3647,,,,
1430497398.37423,information_schema,sql_sizing_profiles,1,0,,,0,0,0,0,0,0,0,0,,,0,0,0,0
1430497398.37423,public,warehouse,1443312,1442431,2698560,830225,1,274538,0,269427,1,840,143,8843707,4,2704365,,,,
1430497398.37423,pg_catalog,pg_foreign_server,3,0,0,0,0,0,0,0,0,0,0,0,0,0,,,,
1430497458.38826,pg_catalog,pg_operator,3,2295,6113,39773,0,0,0,0,765,0,56,27679,29,12974,,,,
1430497458.38826,public,customer,6,180000,1607788,3613336,30000,596249,0,569853,29994,4130,10359,4623458,802,3585231,,,,
1430497458.38826,pg_catalog,pg_extension,3,3,0,0,0,0,0,0,1,0,2,2,0,0,,,,
1430497458.38826,public,item,4,400000,3374968,3371706,100000,0,0,0,100000,0,5095,3376977,552,6765569,,,,
1430497458.38826,public,history,1,30000,,,337899,0,0,0,337858,1,8735,329028,,,,,,
1430497458.38826,pg_catalog,pg_authid,288,288,7224,7224,0,0,0,0,1,0,18,7497,66,14382,,,,
1430497458.38826,pg_catalog,pg_statistic,2,798,51119,50823,92,1395,0,971,491,128,125,53652,18,103617,109,15363,6,10767
1430497458.38826,pg_catalog,pg_opfamily,3,258,0,0,0,0,0,0,86,0,4,4,0,0,,,,
1430497458.38826,public,order_line,4,1138512,634184,6945178,3656332,3017823,0,1898508,3598370,450791,69923,12728721,27944,15522005,,,,
1430497458.38826,pg_catalog,pg_shdescription,10,27,3,0,0,0,0,0,3,0,7,6,7,0,0,0,0,0
1430497458.38826,pg_catalog,pg_event_trigger,3,0,27,0,0,0,0,0,0,0,0,0,2,25,,,,
1430497458.38826,pg_catalog,pg_user_mapping,3,0,0,0,0,0,0,0,0,0,0,0,0,0,,,,
1430497458.38826,pg_catalog,pg_inherits,3,0,84,0,0,0,0,0,0,0,0,0,2,82,,,,
1430497458.38826,pg_toast,pg_toast_3596,0,0,0,0,0,0,0,0,0,0,0,0,0,0,,,,
1430497458.38826,pg_catalog,pg_rewrite,3,327,137,137,0,0,0,0,109,0,32,149,4,232,59,160,12,430
1430497458.38826,pg_catalog,pg_foreign_data_wrapper,3,0,0,0,0,0,0,0,0,0,0,0,0,0,,,,
1430497458.38826,pg_catalog,pg_largeobject_metadata,2,0,0,0,0,0,0,0,0,0,0,0,0,0,,,,
1430497458.38826,pg_catalog,pg_opclass,19,400,2984,41743,0,0,0,0,128,0,12,15748,16,3624,,,,
1430497458.38826,pg_catalog,pg_attrdef,3,0,0,0,0,0,0,0,0,0,0,0,0,0,0,0,0,0
1430497458.38826,pg_catalog,pg_default_acl,3,0,59,0,0,0,0,0,0,0,0,0,2,57,,,,
1430497458.38826,pg_catalog,pg_aggregate,2,266,343,343,0,0,0,0,133,0,6,343,4,522,,,,
1430497458.38826,pg_toast,pg_toast_12329,0,0,0,0,0,0,0,0,0,0,0,0,0,0,,,,
1430497458.38826,pg_catalog,pg_ts_dict,3,48,0,0,0,0,0,0,16,0,2,2,0,0,,,,
1430497458.38826,pg_catalog,pg_index,158,12362,10758,12132,27,0,17,0,123,17,16,11196,16,11561,,,,
1430497458.38826,pg_catalog,pg_tablespace,21,42,2811,2811,0,0,0,0,2,0,18,2817,42,5602,,,,
1430497458.38826,pg_toast,pg_toast_2619,0,0,9742,27722,660,0,598,0,72,113,109,15363,6,10767,,,,
1430497458.38826,pg_catalog,pg_constraint,5,50,8,0,8,0,0,0,10,0,6,33,8,64,0,0,0,0
1430497458.38826,pg_toast,pg_toast_2618,0,0,159,503,0,0,0,0,0,0,59,160,6,215,,,,
1430497458.38826,pg_catalog,pg_cast,3,594,27051,6307,0,0,0,0,198,0,8,6307,8,27362,,,,
1430497458.38826,pg_catalog,pg_ts_config,3,48,0,0,0,0,0,0,16,0,2,2,0,0,,,,
1430497458.38826,pg_catalog,pg_ts_parser,3,3,0,0,0,0,0,0,1,0,2,2,0,0,,,,
1430497458.38826,pg_toast,pg_toast_2620,0,0,0,0,0,0,0,0,0,0,0,0,0,0,,,,
1430497458.38826,pg_toast,pg_toast_2396,0,0,0,0,0,0,0,0,0,0,0,0,0,0,,,,
1430497458.38826,pg_catalog,pg_largeobject,2,0,0,0,0,0,0,0,0,0,0,0,0,0,,,,
1430497458.38826,pg_catalog,pg_enum,4,0,0,0,0,0,0,0,0,0,0,0,0,0,,,,
1430497458.38826,pg_catalog,pg_foreign_table,2,0,0,0,0,0,0,0,0,0,0,0,0,0,,,,
1430497458.38826,pg_catalog,pg_collation,3,1806,0,0,0,0,0,0,602,0,38,38,0,0,,,,
1430497458.38826,public,new_order,4,36000,2076120,544200,330452,0,253440,0,73775,16349,966,3267850,933,8478708,,,,
1430497458.38826,pg_catalog,pg_am,412,424,0,0,0,0,0,0,5,0,4,409,0,0,,,,
1430497458.38826,pg_catalog,pg_proc,3,8073,9014,12083,6,0,0,0,2691,0,196,10516,52,18925,0,0,0,0
1430497458.38826,pg_catalog,pg_shdepend,9,9,1022,256,0,0,0,0,1,0,7,261,28,1062,,,,
1430497458.38826,public,orders,6,180000,605126,1226868,351452,288350,0,235370,348334,56481,4092,1995244,4653,3988573,,,,
1430497458.38826,pg_catalog,pg_language,4,16,10,10,0,0,0,0,4,0,2,13,4,18,,,,
1430497458.38826,pg_catalog,pg_range,2,12,4,0,0,0,0,0,6,0,2,1,4,4,,,,
1430497458.38826,pg_catalog,pg_attribute,92,8200,31504,117149,1401,20,1219,4,2491,0,179,44086,56,69176,,,,
1430497458.38826,public,district,72982,724240,1394611,1309538,10,630041,0,627905,10,508,137,15877543,4,1397269,,,,
1430497458.38826,pg_catalog,pg_database,1339,5215,55024,55016,4,0,3,0,4,0,3,56368,72,64121,,,,
1430497458.38826,public,stock,4,400000,7360634,6771126,100000,3371704,0,0,99789,243073,34753,11146587,1403,32307925,,,,
1430497458.38826,pg_catalog,pg_conversion,4,528,0,0,0,0,0,0,132,0,6,9,0,0,,,,
1430497458.38826,pg_catalog,pg_type,3,1093,11361,11002,173,0,151,0,361,0,35,11402,23,23646,,,,
1430497458.38826,pg_catalog,pg_trigger,4,0,0,0,0,0,0,0,0,0,0,0,0,0,0,0,0,0
1430497458.38826,information_schema,sql_implementation_info,1,12,,,0,0,0,0,12,0,2,0,,,0,0,0,0
1430497458.38826,information_schema,sql_languages,1,4,,,0,0,0,0,4,0,2,0,,,0,0,0,0
1430497458.38826,pg_toast,pg_toast_12309,0,0,0,0,0,0,0,0,0,0,0,0,0,0,,,,
1430497458.38826,pg_toast,pg_toast_12334,0,0,0,0,0,0,0,0,0,0,0,0,0,0,,,,
1430497458.38826,pg_catalog,pg_amop,4,1744,4373,5747,0,0,0,0,436,0,16,5751,30,9352,,,,
1430497458.38826,pg_toast,pg_toast_1255,0,0,0,0,0,0,0,0,0,0,0,0,0,0,,,,
1430497458.38826,pg_toast,pg_toast_12314,0,0,0,0,0,0,0,0,0,0,0,0,0,0,,,,
1430497458.38826,pg_toast,pg_toast_12324,0,0,0,0,0,0,0,0,0,0,0,0,0,0,,,,
1430497458.38826,pg_catalog,pg_amproc,19,1064,2279,2993,0,0,0,0,344,0,12,2112,12,4944,,,,
1430497458.38826,pg_toast,pg_toast_2964,0,0,0,0,0,0,0,0,0,0,0,0,0,0,,,,
1430497458.38826,pg_catalog,pg_ts_template,3,15,0,0,0,0,0,0,5,0,2,2,0,0,,,,
1430497458.38826,pg_catalog,pg_db_role_setting,9,0,18356,0,0,0,0,0,0,0,0,0,18,18338,0,0,0,0
1430497458.38826,pg_toast,pg_toast_2609,0,0,0,0,0,0,0,0,0,0,0,0,0,0,,,,
1430497458.38826,information_schema,sql_parts,1,9,,,0,0,0,0,9,0,2,0,,,0,0,0,0
1430497458.38826,pg_catalog,pg_class,352,70184,37369,32951,122,324,101,68,316,0,43,37037,40,51248,,,,
1430497458.38826,pg_catalog,pg_seclabel,2,0,252,0,0,0,0,0,0,0,0,0,2,250,0,0,0,0
1430497458.38826,pg_catalog,pg_ts_config_map,2,608,0,0,0,0,0,0,304,0,4,2,0,0,,,,
1430497458.38826,information_schema,sql_sizing,1,23,,,0,0,0,0,23,0,2,0,,,0,0,0,0
1430497458.38826,pg_toast,pg_toast_12339,0,0,0,0,0,0,0,0,0,0,0,0,0,0,,,,
1430497458.38826,information_schema,sql_packages,1,10,,,0,0,0,0,10,0,2,0,,,0,0,0,0
1430497458.38826,pg_toast,pg_toast_2606,0,0,0,0,0,0,0,0,0,0,0,0,0,0,,,,
1430497458.38826,pg_catalog,pg_pltemplate,6,48,0,0,0,0,0,0,8,0,6,3,0,0,,,,
1430497458.38826,pg_catalog,pg_auth_members,9,0,0,0,0,0,0,0,0,0,0,0,0,0,,,,
1430497458.38826,pg_catalog,pg_depend,3,20120,2731,2507,348,0,256,0,6672,256,103,3172,39,6884,,,,
1430497458.38826,pg_toast,pg_toast_2604,0,0,0,0,0,0,0,0,0,0,0,0,0,0,,,,
1430497458.38826,pg_catalog,pg_shseclabel,6,0,3,0,0,0,0,0,0,0,0,0,3,0,,,,
1430497458.38826,information_schema,sql_features,1,672,,,0,0,0,0,672,0,14,0,,,0,0,0,0
1430497458.38826,pg_toast,pg_toast_12319,0,0,0,0,0,0,0,0,0,0,0,0,0,0,,,,
1430497458.38826,pg_catalog,pg_description,2,7372,252,0,0,0,0,0,3686,0,64,32,6,501,0,0,0,0
1430497458.38826,pg_catalog,pg_namespace,45,270,3375,3014,0,0,0,0,6,0,4,3056,16,3794,,,,
1430497458.38826,information_schema,sql_sizing_profiles,1,0,,,0,0,0,0,0,0,0,0,,,0,0,0,0
1430497458.38826,public,warehouse,1443312,1442431,2801795,933460,1,308589,0,302833,1,920,143,9619276,4,2808256,,,,
1430497458.38826,pg_catalog,pg_foreign_server,3,0,0,0,0,0,0,0,0,0,0,0,0,0,,,,
1430497518.38295,pg_catalog,pg_operator,3,2295,6138,39798,0,0,0,0,765,0,56,27704,29,13035,,,,
1430497518.38295,public,customer,6,180000,1765288,4016792,30000,660466,0,631907,30002,6498,10359,5127770,806,3936276,,,,
1430497518.38295,pg_catalog,pg_extension,3,3,0,0,0,0,0,0,1,0,2,2,0,0,,,,
1430497518.38295,public,item,4,400000,3736535,3732952,100000,0,0,0,100000,0,5095,3738223,552,7490474,,,,
1430497518.38295,public,history,1,30000,,,371526,0,0,0,371429,1,9632,367096,,,,,,
1430497518.38295,pg_catalog,pg_authid,289,289,7235,7235,0,0,0,0,1,0,18,7509,66,14404,,,,
1430497518.38295,pg_catalog,pg_statistic,2,798,51925,51623,92,1473,0,1046,491,160,125,54542,18,105242,109,15932,6,11059
1430497518.38295,pg_catalog,pg_opfamily,3,258,0,0,0,0,0,0,86,0,4,4,0,0,,,,
1430497518.38295,public,order_line,4,1138512,701661,7682739,4017578,3338902,0,2075316,4002362,653982,75735,14173676,30593,17252780,,,,
1430497518.38295,pg_catalog,pg_shdescription,10,27,3,0,0,0,0,0,3,0,7,6,7,0,0,0,0,0
1430497518.38295,pg_catalog,pg_event_trigger,3,0,27,0,0,0,0,0,0,0,0,0,2,25,,,,
1430497518.38295,pg_catalog,pg_user_mapping,3,0,0,0,0,0,0,0,0,0,0,0,0,0,,,,
1430497518.38295,pg_catalog,pg_inherits,3,0,84,0,0,0,0,0,0,0,0,0,2,82,,,,
1430497518.38295,pg_toast,pg_toast_3596,0,0,0,0,0,0,0,0,0,0,0,0,0,0,,,,
1430497518.38295,pg_catalog,pg_rewrite,3,327,145,145,0,0,0,0,109,0,32,157,4,246,59,167,12,446
1430497518.38295,pg_catalog,pg_foreign_data_wrapper,3,0,0,0,0,0,0,0,0,0,0,0,0,0,,,,
1430497518.38295,pg_catalog,pg_largeobject_metadata,2,0,0,0,0,0,0,0,0,0,0,0,0,0,,,,
1430497518.38295,pg_catalog,pg_opclass,19,400,3020,42285,0,0,0,0,128,0,12,15936,16,3671,,,,
1430497518.38295,pg_catalog,pg_attrdef,3,0,0,0,0,0,0,0,0,0,0,0,0,0,0,0,0,0
1430497518.38295,pg_catalog,pg_default_acl,3,0,59,0,0,0,0,0,0,0,0,0,2,57,,,,
1430497518.38295,pg_catalog,pg_aggregate,2,266,344,344,0,0,0,0,133,0,6,344,4,524,,,,
1430497518.38295,pg_toast,pg_toast_12329,0,0,0,0,0,0,0,0,0,0,0,0,0,0,,,,
1430497518.38295,pg_catalog,pg_ts_dict,3,48,0,0,0,0,0,0,16,0,2,2,0,0,,,,
1430497518.38295,pg_catalog,pg_index,163,12977,10942,12352,27,0,17,0,123,17,16,11394,16,11758,,,,
1430497518.38295,pg_catalog,pg_tablespace,21,42,2816,2816,0,0,0,0,2,0,18,2822,42,5612,,,,
1430497518.38295,pg_toast,pg_toast_2619,0,0,9966,28376,716,0,655,0,69,59,109,15932,6,11059,,,,
1430497518.38295,pg_catalog,pg_constraint,5,50,8,0,8,0,0,0,10,0,6,33,8,64,0,0,0,0
1430497518.38295,pg_toast,pg_toast_2618,0,0,164,519,0,0,0,0,0,0,59,167,6,223,,,,
1430497518.38295,pg_catalog,pg_cast,3,594,27263,6361,0,0,0,0,198,0,8,6361,8,27581,,,,
1430497518.38295,pg_catalog,pg_ts_config,3,48,0,0,0,0,0,0,16,0,2,2,0,0,,,,
1430497518.38295,pg_catalog,pg_ts_parser,3,3,0,0,0,0,0,0,1,0,2,2,0,0,,,,
1430497518.38295,pg_toast,pg_toast_2620,0,0,0,0,0,0,0,0,0,0,0,0,0,0,,,,
1430497518.38295,pg_toast,pg_toast_2396,0,0,0,0,0,0,0,0,0,0,0,0,0,0,,,,
1430497518.38295,pg_catalog,pg_largeobject,2,0,0,0,0,0,0,0,0,0,0,0,0,0,,,,
1430497518.38295,pg_catalog,pg_enum,4,0,0,0,0,0,0,0,0,0,0,0,0,0,,,,
1430497518.38295,pg_catalog,pg_foreign_table,2,0,0,0,0,0,0,0,0,0,0,0,0,0,,,,
1430497518.38295,pg_catalog,pg_collation,3,1806,0,0,0,0,0,0,602,0,38,38,0,0,,,,
1430497518.38295,public,new_order,4,36000,2137300,602203,364815,0,280590,0,80646,15327,1021,3629029,963,9106549,,,,
1430497518.38295,pg_catalog,pg_am,418,430,0,0,0,0,0,0,5,0,4,415,0,0,,,,
1430497518.38295,pg_catalog,pg_proc,3,8073,9098,12209,6,0,0,0,2691,0,196,10618,52,19105,0,0,0,0
1430497518.38295,pg_catalog,pg_shdepend,9,9,1022,256,0,0,0,0,1,0,7,261,28,1062,,,,
1430497518.38295,public,orders,6,180000,669503,1431078,385815,318940,0,260325,382313,62846,4402,2282057,5054,4424816,,,,
1430497518.38295,pg_catalog,pg_language,4,16,10,10,0,0,0,0,4,0,2,13,4,18,,,,
1430497518.38295,pg_catalog,pg_range,2,12,4,0,0,0,0,0,6,0,2,1,4,4,,,,
1430497518.38295,pg_catalog,pg_attribute,92,8200,32045,119317,1401,20,1219,4,2491,0,179,44783,56,70266,,,,
1430497518.38295,public,district,72982,724240,1536857,1451784,10,698031,0,695680,10,264,137,17854494,4,1539741,,,,
1430497518.38295,pg_catalog,pg_database,1342,5227,55061,55053,4,0,3,0,4,0,3,56408,72,64172,,,,
1430497518.38295,public,stock,4,400000,8145313,7496784,100000,3732950,0,0,99798,224220,34754,12342800,1403,35759893,,,,
1430497518.38295,pg_catalog,pg_conversion,4,528,0,0,0,0,0,0,132,0,6,9,0,0,,,,
1430497518.38295,pg_catalog,pg_type,3,1093,11480,11121,173,0,151,0,361,0,35,11521,23,23891,,,,
1430497518.38295,pg_catalog,pg_trigger,4,0,0,0,0,0,0,0,0,0,0,0,0,0,0,0,0,0
1430497518.38295,information_schema,sql_implementation_info,1,12,,,0,0,0,0,12,0,2,0,,,0,0,0,0
1430497518.38295,information_schema,sql_languages,1,4,,,0,0,0,0,4,0,2,0,,,0,0,0,0
1430497518.38295,pg_toast,pg_toast_12309,0,0,0,0,0,0,0,0,0,0,0,0,0,0,,,,
1430497518.38295,pg_toast,pg_toast_12334,0,0,0,0,0,0,0,0,0,0,0,0,0,0,,,,
1430497518.38295,pg_catalog,pg_amop,4,1744,4440,5825,0,0,0,0,436,0,16,5829,30,9498,,,,
1430497518.38295,pg_toast,pg_toast_1255,0,0,0,0,0,0,0,0,0,0,0,0,0,0,,,,
1430497518.38295,pg_toast,pg_toast_12314,0,0,0,0,0,0,0,0,0,0,0,0,0,0,,,,
1430497518.38295,pg_toast,pg_toast_12324,0,0,0,0,0,0,0,0,0,0,0,0,0,0,,,,
1430497518.38295,pg_catalog,pg_amproc,19,1064,2310,3032,0,0,0,0,344,0,12,2140,12,5012,,,,
1430497518.38295,pg_toast,pg_toast_2964,0,0,0,0,0,0,0,0,0,0,0,0,0,0,,,,
1430497518.38295,pg_catalog,pg_ts_template,3,15,0,0,0,0,0,0,5,0,2,2,0,0,,,,
1430497518.38295,pg_catalog,pg_db_role_setting,9,0,18384,0,0,0,0,0,0,0,0,0,18,18366,0,0,0,0
1430497518.38295,pg_toast,pg_toast_2609,0,0,0,0,0,0,0,0,0,0,0,0,0,0,,,,
1430497518.38295,information_schema,sql_parts,1,9,,,0,0,0,0,9,0,2,0,,,0,0,0,0
1430497518.38295,pg_catalog,pg_class,363,73361,38195,33654,122,324,101,68,316,0,43,37852,40,52219,,,,
1430497518.38295,pg_catalog,pg_seclabel,2,0,252,0,0,0,0,0,0,0,0,0,2,250,0,0,0,0
1430497518.38295,pg_catalog,pg_ts_config_map,2,608,0,0,0,0,0,0,304,0,4,2,0,0,,,,
1430497518.38295,information_schema,sql_sizing,1,23,,,0,0,0,0,23,0,2,0,,,0,0,0,0
1430497518.38295,pg_toast,pg_toast_12339,0,0,0,0,0,0,0,0,0,0,0,0,0,0,,,,
1430497518.38295,information_schema,sql_packages,1,10,,,0,0,0,0,10,0,2,0,,,0,0,0,0
1430497518.38295,pg_toast,pg_toast_2606,0,0,0,0,0,0,0,0,0,0,0,0,0,0,,,,
1430497518.38295,pg_catalog,pg_pltemplate,6,48,0,0,0,0,0,0,8,0,6,3,0,0,,,,
1430497518.38295,pg_catalog,pg_auth_members,9,0,0,0,0,0,0,0,0,0,0,0,0,0,,,,
1430497518.38295,pg_catalog,pg_depend,3,20120,2731,2507,348,0,256,0,6672,256,103,3172,39,6884,,,,
1430497518.38295,pg_toast,pg_toast_2604,0,0,0,0,0,0,0,0,0,0,0,0,0,0,,,,
1430497518.38295,pg_catalog,pg_shseclabel,6,0,3,0,0,0,0,0,0,0,0,0,3,0,,,,
1430497518.38295,information_schema,sql_features,1,672,,,0,0,0,0,672,0,14,0,,,0,0,0,0
1430497518.38295,pg_toast,pg_toast_12319,0,0,0,0,0,0,0,0,0,0,0,0,0,0,,,,
1430497518.38295,pg_catalog,pg_description,2,7372,252,0,0,0,0,0,3686,0,64,32,6,501,0,0,0,0
1430497518.38295,pg_catalog,pg_namespace,47,282,3518,3151,0,0,0,0,6,0,4,3195,16,3946,,,,
1430497518.38295,information_schema,sql_sizing_profiles,1,0,,,0,0,0,0,0,0,0,0,,,0,0,0,0
1430497518.38295,public,warehouse,1443312,1442431,2903412,1035077,1,342216,0,335814,1,914,143,10392360,4,2910530,,,,
1430497518.38295,pg_catalog,pg_foreign_server,3,0,0,0,0,0,0,0,0,0,0,0,0,0,,,,
